index,location,origin_date,target_date,output_type,output_type_id,value,target
0,Cal_S,2025-04-30,2025-05-31,cdf,0,8.933632980281578e-37,No WNV activity
1,Cal_S,2025-04-30,2025-05-31,quantile,0.01,0.11944324007690556,WNV cases
2,Cal_S,2025-04-30,2025-05-31,quantile,0.05,0.12760355987708377,WNV cases
3,Cal_S,2025-04-30,2025-05-31,quantile,0.1,0.1323129131336404,WNV cases
4,Cal_S,2025-04-30,2025-05-31,quantile,0.15,0.13431970863556017,WNV cases
5,Cal_S,2025-04-30,2025-05-31,quantile,0.2,0.13596872531931206,WNV cases
6,Cal_S,2025-04-30,2025-05-31,quantile,0.25,0.13809585243915062,WNV cases
7,Cal_S,2025-04-30,2025-05-31,quantile,0.3,0.13986801083265527,WNV cases
8,Cal_S,2025-04-30,2025-05-31,quantile,0.35,0.14129259301857516,WNV cases
9,Cal_S,2025-04-30,2025-05-31,quantile,0.4,0.14236716073796601,WNV cases
10,Cal_S,2025-04-30,2025-05-31,quantile,0.45,0.14384239780330893,WNV cases
11,Cal_S,2025-04-30,2025-05-31,quantile,0.5,0.14492770555344495,WNV cases
12,Cal_S,2025-04-30,2025-05-31,quantile,0.55,0.14618238268627054,WNV cases
13,Cal_S,2025-04-30,2025-05-31,quantile,0.6,0.14766451769103905,WNV cases
14,Cal_S,2025-04-30,2025-05-31,quantile,0.65,0.14991926567422015,WNV cases
15,Cal_S,2025-04-30,2025-05-31,quantile,0.7,0.1518555115720238,WNV cases
16,Cal_S,2025-04-30,2025-05-31,quantile,0.75,0.1536479992321645,WNV cases
17,Cal_S,2025-04-30,2025-05-31,quantile,0.8,0.15554538339075413,WNV cases
18,Cal_S,2025-04-30,2025-05-31,quantile,0.85,0.15837037503117257,WNV cases
19,Cal_S,2025-04-30,2025-05-31,quantile,0.9,0.1608616619022807,WNV cases
20,Cal_S,2025-04-30,2025-05-31,quantile,0.95,0.16555679198166334,WNV cases
21,Cal_S,2025-04-30,2025-05-31,quantile,0.99,0.17527601085226938,WNV cases
22,Cal_S,2025-04-30,2025-06-30,cdf,0,1.1795278780366488e-36,No WNV activity
23,Cal_S,2025-04-30,2025-06-30,quantile,0.01,1.7726056142286823,WNV cases
24,Cal_S,2025-04-30,2025-06-30,quantile,0.05,1.9514398635035812,WNV cases
25,Cal_S,2025-04-30,2025-06-30,quantile,0.1,2.0054934590753883,WNV cases
26,Cal_S,2025-04-30,2025-06-30,quantile,0.15,2.0364641782009243,WNV cases
27,Cal_S,2025-04-30,2025-06-30,quantile,0.2,2.060257551645992,WNV cases
28,Cal_S,2025-04-30,2025-06-30,quantile,0.25,2.0899954528519604,WNV cases
29,Cal_S,2025-04-30,2025-06-30,quantile,0.3,2.1198873038243766,WNV cases
30,Cal_S,2025-04-30,2025-06-30,quantile,0.35,2.1439731891709144,WNV cases
31,Cal_S,2025-04-30,2025-06-30,quantile,0.4,2.1603876617219715,WNV cases
32,Cal_S,2025-04-30,2025-06-30,quantile,0.45,2.1931378528325247,WNV cases
33,Cal_S,2025-04-30,2025-06-30,quantile,0.5,2.212564498487145,WNV cases
34,Cal_S,2025-04-30,2025-06-30,quantile,0.55,2.22990249624156,WNV cases
35,Cal_S,2025-04-30,2025-06-30,quantile,0.6,2.2527403578613745,WNV cases
36,Cal_S,2025-04-30,2025-06-30,quantile,0.65,2.290155173552157,WNV cases
37,Cal_S,2025-04-30,2025-06-30,quantile,0.7,2.314444823698564,WNV cases
38,Cal_S,2025-04-30,2025-06-30,quantile,0.75,2.335935208532545,WNV cases
39,Cal_S,2025-04-30,2025-06-30,quantile,0.8,2.363657716548804,WNV cases
40,Cal_S,2025-04-30,2025-06-30,quantile,0.85,2.3942050416060168,WNV cases
41,Cal_S,2025-04-30,2025-06-30,quantile,0.9,2.4464906153052746,WNV cases
42,Cal_S,2025-04-30,2025-06-30,quantile,0.95,2.5258839672262017,WNV cases
43,Cal_S,2025-04-30,2025-06-30,quantile,0.99,2.6461313529448076,WNV cases
44,Cal_S,2025-04-30,2025-07-31,cdf,0,2.84597374555801e-36,No WNV activity
45,Cal_S,2025-04-30,2025-07-31,quantile,0.01,12.424577308423592,WNV cases
46,Cal_S,2025-04-30,2025-07-31,quantile,0.05,14.070203424704196,WNV cases
47,Cal_S,2025-04-30,2025-07-31,quantile,0.1,14.338977274268565,WNV cases
48,Cal_S,2025-04-30,2025-07-31,quantile,0.15,14.561322722772156,WNV cases
49,Cal_S,2025-04-30,2025-07-31,quantile,0.2,14.727673752139314,WNV cases
50,Cal_S,2025-04-30,2025-07-31,quantile,0.25,14.928759912047724,WNV cases
51,Cal_S,2025-04-30,2025-07-31,quantile,0.3,15.160083077170633,WNV cases
52,Cal_S,2025-04-30,2025-07-31,quantile,0.35,15.350265425865096,WNV cases
53,Cal_S,2025-04-30,2025-07-31,quantile,0.4,15.469277699788412,WNV cases
54,Cal_S,2025-04-30,2025-07-31,quantile,0.45,15.765985026504055,WNV cases
55,Cal_S,2025-04-30,2025-07-31,quantile,0.5,15.926040707212508,WNV cases
56,Cal_S,2025-04-30,2025-07-31,quantile,0.55,16.043495621344057,WNV cases
57,Cal_S,2025-04-30,2025-07-31,quantile,0.6,16.213216743083915,WNV cases
58,Cal_S,2025-04-30,2025-07-31,quantile,0.65,16.4988702138265,WNV cases
59,Cal_S,2025-04-30,2025-07-31,quantile,0.7,16.647307212906654,WNV cases
60,Cal_S,2025-04-30,2025-07-31,quantile,0.75,16.75626885770548,WNV cases
61,Cal_S,2025-04-30,2025-07-31,quantile,0.8,16.958754587655115,WNV cases
62,Cal_S,2025-04-30,2025-07-31,quantile,0.85,17.10015183265763,WNV cases
63,Cal_S,2025-04-30,2025-07-31,quantile,0.9,17.570334656069978,WNV cases
64,Cal_S,2025-04-30,2025-07-31,quantile,0.95,18.18602494519166,WNV cases
65,Cal_S,2025-04-30,2025-07-31,quantile,0.99,18.880991964629203,WNV cases
66,Cal_S,2025-04-30,2025-08-31,cdf,0,1.806788469956306e-34,No WNV activity
67,Cal_S,2025-04-30,2025-08-31,quantile,0.01,32.651793797810875,WNV cases
68,Cal_S,2025-04-30,2025-08-31,quantile,0.05,37.485241340868406,WNV cases
69,Cal_S,2025-04-30,2025-08-31,quantile,0.1,37.9973030475655,WNV cases
70,Cal_S,2025-04-30,2025-08-31,quantile,0.15,38.658697879675664,WNV cases
71,Cal_S,2025-04-30,2025-08-31,quantile,0.2,39.073685174036505,WNV cases
72,Cal_S,2025-04-30,2025-08-31,quantile,0.25,39.65243983027911,WNV cases
73,Cal_S,2025-04-30,2025-08-31,quantile,0.3,40.25877264774206,WNV cases
74,Cal_S,2025-04-30,2025-08-31,quantile,0.35,40.80257637332184,WNV cases
75,Cal_S,2025-04-30,2025-08-31,quantile,0.4,41.130356374413076,WNV cases
76,Cal_S,2025-04-30,2025-08-31,quantile,0.45,41.9418312997529,WNV cases
77,Cal_S,2025-04-30,2025-08-31,quantile,0.5,42.445734833226055,WNV cases
78,Cal_S,2025-04-30,2025-08-31,quantile,0.55,42.74851305797847,WNV cases
79,Cal_S,2025-04-30,2025-08-31,quantile,0.6,43.25441770842581,WNV cases
80,Cal_S,2025-04-30,2025-08-31,quantile,0.65,43.994282712840075,WNV cases
81,Cal_S,2025-04-30,2025-08-31,quantile,0.7,44.39557087060177,WNV cases
82,Cal_S,2025-04-30,2025-08-31,quantile,0.75,44.60256335711238,WNV cases
83,Cal_S,2025-04-30,2025-08-31,quantile,0.8,45.20677597354157,WNV cases
84,Cal_S,2025-04-30,2025-08-31,quantile,0.85,45.62631672560567,WNV cases
85,Cal_S,2025-04-30,2025-08-31,quantile,0.9,46.82515358202385,WNV cases
86,Cal_S,2025-04-30,2025-08-31,quantile,0.95,48.59506580083056,WNV cases
87,Cal_S,2025-04-30,2025-08-31,quantile,0.99,50.40317835952296,WNV cases
88,Cal_S,2025-04-30,2025-09-30,cdf,0,3.4253064702508624e-35,No WNV activity
89,Cal_S,2025-04-30,2025-09-30,quantile,0.01,75.2741216409086,WNV cases
90,Cal_S,2025-04-30,2025-09-30,quantile,0.05,86.16292336974483,WNV cases
91,Cal_S,2025-04-30,2025-09-30,quantile,0.1,87.449487397165,WNV cases
92,Cal_S,2025-04-30,2025-09-30,quantile,0.15,88.90025545370698,WNV cases
93,Cal_S,2025-04-30,2025-09-30,quantile,0.2,89.87475154375788,WNV cases
94,Cal_S,2025-04-30,2025-09-30,quantile,0.25,91.15872369631371,WNV cases
95,Cal_S,2025-04-30,2025-09-30,quantile,0.3,92.5682467836322,WNV cases
96,Cal_S,2025-04-30,2025-09-30,quantile,0.35,93.79160046818279,WNV cases
97,Cal_S,2025-04-30,2025-09-30,quantile,0.4,94.53490609833688,WNV cases
98,Cal_S,2025-04-30,2025-09-30,quantile,0.45,96.3882134948114,WNV cases
99,Cal_S,2025-04-30,2025-09-30,quantile,0.5,97.53143587979403,WNV cases
100,Cal_S,2025-04-30,2025-09-30,quantile,0.55,98.20681061407532,WNV cases
101,Cal_S,2025-04-30,2025-09-30,quantile,0.6,99.32240110455137,WNV cases
102,Cal_S,2025-04-30,2025-09-30,quantile,0.65,101.04875591547803,WNV cases
103,Cal_S,2025-04-30,2025-09-30,quantile,0.7,101.95889752320568,WNV cases
104,Cal_S,2025-04-30,2025-09-30,quantile,0.75,102.48100681497593,WNV cases
105,Cal_S,2025-04-30,2025-09-30,quantile,0.8,103.88092750009865,WNV cases
106,Cal_S,2025-04-30,2025-09-30,quantile,0.85,104.68216720735182,WNV cases
107,Cal_S,2025-04-30,2025-09-30,quantile,0.9,107.62304988051905,WNV cases
108,Cal_S,2025-04-30,2025-09-30,quantile,0.95,111.51368466772215,WNV cases
109,Cal_S,2025-04-30,2025-09-30,quantile,0.99,115.62224016285906,WNV cases
110,Cal_S,2025-04-30,2025-10-31,cdf,0,5.17510244266051e-36,No WNV activity
111,Cal_S,2025-04-30,2025-10-31,quantile,0.01,44.33716664169774,WNV cases
112,Cal_S,2025-04-30,2025-10-31,quantile,0.05,50.199038033533576,WNV cases
113,Cal_S,2025-04-30,2025-10-31,quantile,0.1,51.12764084941208,WNV cases
114,Cal_S,2025-04-30,2025-10-31,quantile,0.15,51.932964479080354,WNV cases
115,Cal_S,2025-04-30,2025-10-31,quantile,0.2,52.5180672924928,WNV cases
116,Cal_S,2025-04-30,2025-10-31,quantile,0.25,53.25474240081479,WNV cases
117,Cal_S,2025-04-30,2025-10-31,quantile,0.3,54.065380558823094,WNV cases
118,Cal_S,2025-04-30,2025-10-31,quantile,0.35,54.74696265326606,WNV cases
119,Cal_S,2025-04-30,2025-10-31,quantile,0.4,55.17365885262538,WNV cases
120,Cal_S,2025-04-30,2025-10-31,quantile,0.45,56.20001841073085,WNV cases
121,Cal_S,2025-04-30,2025-10-31,quantile,0.5,56.79834192449397,WNV cases
122,Cal_S,2025-04-30,2025-10-31,quantile,0.55,57.21425324256974,WNV cases
123,Cal_S,2025-04-30,2025-10-31,quantile,0.6,57.837369205975776,WNV cases
124,Cal_S,2025-04-30,2025-10-31,quantile,0.65,58.834093036073625,WNV cases
125,Cal_S,2025-04-30,2025-10-31,quantile,0.7,59.38306927921796,WNV cases
126,Cal_S,2025-04-30,2025-10-31,quantile,0.75,59.75148688422309,WNV cases
127,Cal_S,2025-04-30,2025-10-31,quantile,0.8,60.52871403549657,WNV cases
128,Cal_S,2025-04-30,2025-10-31,quantile,0.85,61.048179087012706,WNV cases
129,Cal_S,2025-04-30,2025-10-31,quantile,0.9,62.72707197401259,WNV cases
130,Cal_S,2025-04-30,2025-10-31,quantile,0.95,64.87832934447009,WNV cases
131,Cal_S,2025-04-30,2025-10-31,quantile,0.99,67.4138254493174,WNV cases
132,Cal_S,2025-04-30,2025-11-30,cdf,0,6.644681690986854e-33,No WNV activity
133,Cal_S,2025-04-30,2025-11-30,quantile,0.01,5.202535650946878,WNV cases
134,Cal_S,2025-04-30,2025-11-30,quantile,0.05,5.667064553559429,WNV cases
135,Cal_S,2025-04-30,2025-11-30,quantile,0.1,5.837876885828346,WNV cases
136,Cal_S,2025-04-30,2025-11-30,quantile,0.15,5.936676899592081,WNV cases
137,Cal_S,2025-04-30,2025-11-30,quantile,0.2,6.005582980435305,WNV cases
138,Cal_S,2025-04-30,2025-11-30,quantile,0.25,6.093802428004718,WNV cases
139,Cal_S,2025-04-30,2025-11-30,quantile,0.3,6.180435508188577,WNV cases
140,Cal_S,2025-04-30,2025-11-30,quantile,0.35,6.2506254273231585,WNV cases
141,Cal_S,2025-04-30,2025-11-30,quantile,0.4,6.300679153866239,WNV cases
142,Cal_S,2025-04-30,2025-11-30,quantile,0.45,6.378350705811473,WNV cases
143,Cal_S,2025-04-30,2025-11-30,quantile,0.5,6.434258906528203,WNV cases
144,Cal_S,2025-04-30,2025-11-30,quantile,0.55,6.4928264353010405,WNV cases
145,Cal_S,2025-04-30,2025-11-30,quantile,0.6,6.570634769670891,WNV cases
146,Cal_S,2025-04-30,2025-11-30,quantile,0.65,6.66041206591057,WNV cases
147,Cal_S,2025-04-30,2025-11-30,quantile,0.7,6.735134808704107,WNV cases
148,Cal_S,2025-04-30,2025-11-30,quantile,0.75,6.810273642491813,WNV cases
149,Cal_S,2025-04-30,2025-11-30,quantile,0.8,6.888674904601743,WNV cases
150,Cal_S,2025-04-30,2025-11-30,quantile,0.85,7.025193072328664,WNV cases
151,Cal_S,2025-04-30,2025-11-30,quantile,0.9,7.1393443141320745,WNV cases
152,Cal_S,2025-04-30,2025-11-30,quantile,0.95,7.362949662738377,WNV cases
153,Cal_S,2025-04-30,2025-11-30,quantile,0.99,7.772949351204765,WNV cases
154,Cal_S,2025-04-30,2025-12-31,cdf,0,3.3001640661478347e-19,No WNV activity
155,Cal_S,2025-04-30,2025-12-31,quantile,0.01,0.3285891958747548,WNV cases
156,Cal_S,2025-04-30,2025-12-31,quantile,0.05,0.34784177841261177,WNV cases
157,Cal_S,2025-04-30,2025-12-31,quantile,0.1,0.3617272140890962,WNV cases
158,Cal_S,2025-04-30,2025-12-31,quantile,0.15,0.36738981790088043,WNV cases
159,Cal_S,2025-04-30,2025-12-31,quantile,0.2,0.37260873683474277,WNV cases
160,Cal_S,2025-04-30,2025-12-31,quantile,0.25,0.3785877803509885,WNV cases
161,Cal_S,2025-04-30,2025-12-31,quantile,0.3,0.383369422395422,WNV cases
162,Cal_S,2025-04-30,2025-12-31,quantile,0.35,0.38688147446197085,WNV cases
163,Cal_S,2025-04-30,2025-12-31,quantile,0.4,0.39016241012047037,WNV cases
164,Cal_S,2025-04-30,2025-12-31,quantile,0.45,0.39330815134400665,WNV cases
165,Cal_S,2025-04-30,2025-12-31,quantile,0.5,0.3964037720415026,WNV cases
166,Cal_S,2025-04-30,2025-12-31,quantile,0.55,0.40011330195373357,WNV cases
167,Cal_S,2025-04-30,2025-12-31,quantile,0.6,0.40392105936100986,WNV cases
168,Cal_S,2025-04-30,2025-12-31,quantile,0.65,0.40962090794787265,WNV cases
169,Cal_S,2025-04-30,2025-12-31,quantile,0.7,0.4155649487117324,WNV cases
170,Cal_S,2025-04-30,2025-12-31,quantile,0.75,0.4208148266894348,WNV cases
171,Cal_S,2025-04-30,2025-12-31,quantile,0.8,0.426326948923595,WNV cases
172,Cal_S,2025-04-30,2025-12-31,quantile,0.85,0.4352406297594008,WNV cases
173,Cal_S,2025-04-30,2025-12-31,quantile,0.9,0.44147459295286673,WNV cases
174,Cal_S,2025-04-30,2025-12-31,quantile,0.95,0.45405185566932865,WNV cases
175,Cal_S,2025-04-30,2025-12-31,quantile,0.99,0.48268467567936335,WNV cases
176,LAO_G,2025-04-30,2025-05-31,cdf,0,5.176892324236181e-37,No WNV activity
177,LAO_G,2025-04-30,2025-05-31,quantile,0.01,0.06782276961820742,WNV cases
178,LAO_G,2025-04-30,2025-05-31,quantile,0.05,0.07243965956090823,WNV cases
179,LAO_G,2025-04-30,2025-05-31,quantile,0.1,0.07524008362676303,WNV cases
180,LAO_G,2025-04-30,2025-05-31,quantile,0.15,0.07745058040576745,WNV cases
181,LAO_G,2025-04-30,2025-05-31,quantile,0.2,0.07836742709964663,WNV cases
182,LAO_G,2025-04-30,2025-05-31,quantile,0.25,0.07922747293769407,WNV cases
183,LAO_G,2025-04-30,2025-05-31,quantile,0.3,0.07988600282826355,WNV cases
184,LAO_G,2025-04-30,2025-05-31,quantile,0.35,0.08065042739282502,WNV cases
185,LAO_G,2025-04-30,2025-05-31,quantile,0.4,0.08171768598917004,WNV cases
186,LAO_G,2025-04-30,2025-05-31,quantile,0.45,0.08263957823598474,WNV cases
187,LAO_G,2025-04-30,2025-05-31,quantile,0.5,0.08324037316358746,WNV cases
188,LAO_G,2025-04-30,2025-05-31,quantile,0.55,0.08396159860804073,WNV cases
189,LAO_G,2025-04-30,2025-05-31,quantile,0.6,0.08433981879021633,WNV cases
190,LAO_G,2025-04-30,2025-05-31,quantile,0.65,0.08495346833998806,WNV cases
191,LAO_G,2025-04-30,2025-05-31,quantile,0.7,0.08559681519847173,WNV cases
192,LAO_G,2025-04-30,2025-05-31,quantile,0.75,0.08639200648405787,WNV cases
193,LAO_G,2025-04-30,2025-05-31,quantile,0.8,0.08716725335089542,WNV cases
194,LAO_G,2025-04-30,2025-05-31,quantile,0.85,0.08851506793871519,WNV cases
195,LAO_G,2025-04-30,2025-05-31,quantile,0.9,0.09022553961234857,WNV cases
196,LAO_G,2025-04-30,2025-05-31,quantile,0.95,0.09352706485155103,WNV cases
197,LAO_G,2025-04-30,2025-05-31,quantile,0.99,0.09615367441673314,WNV cases
198,LAO_G,2025-04-30,2025-06-30,cdf,0,5.909736303120359e-37,No WNV activity
199,LAO_G,2025-04-30,2025-06-30,quantile,0.01,0.5888623623083337,WNV cases
200,LAO_G,2025-04-30,2025-06-30,quantile,0.05,0.6325433845020304,WNV cases
201,LAO_G,2025-04-30,2025-06-30,quantile,0.1,0.6557995424878719,WNV cases
202,LAO_G,2025-04-30,2025-06-30,quantile,0.15,0.6743367718476238,WNV cases
203,LAO_G,2025-04-30,2025-06-30,quantile,0.2,0.6822634166238284,WNV cases
204,LAO_G,2025-04-30,2025-06-30,quantile,0.25,0.6898401542143389,WNV cases
205,LAO_G,2025-04-30,2025-06-30,quantile,0.3,0.6960221903041158,WNV cases
206,LAO_G,2025-04-30,2025-06-30,quantile,0.35,0.702869433570992,WNV cases
207,LAO_G,2025-04-30,2025-06-30,quantile,0.4,0.7118604585829409,WNV cases
208,LAO_G,2025-04-30,2025-06-30,quantile,0.45,0.720488791965475,WNV cases
209,LAO_G,2025-04-30,2025-06-30,quantile,0.5,0.7259169383482501,WNV cases
210,LAO_G,2025-04-30,2025-06-30,quantile,0.55,0.7320876008633411,WNV cases
211,LAO_G,2025-04-30,2025-06-30,quantile,0.6,0.7357344797464332,WNV cases
212,LAO_G,2025-04-30,2025-06-30,quantile,0.65,0.7417716855051542,WNV cases
213,LAO_G,2025-04-30,2025-06-30,quantile,0.7,0.7473711190801678,WNV cases
214,LAO_G,2025-04-30,2025-06-30,quantile,0.75,0.7541160610589115,WNV cases
215,LAO_G,2025-04-30,2025-06-30,quantile,0.8,0.7610068285104001,WNV cases
216,LAO_G,2025-04-30,2025-06-30,quantile,0.85,0.7721627029505643,WNV cases
217,LAO_G,2025-04-30,2025-06-30,quantile,0.9,0.7877683054016095,WNV cases
218,LAO_G,2025-04-30,2025-06-30,quantile,0.95,0.8166231577745592,WNV cases
219,LAO_G,2025-04-30,2025-06-30,quantile,0.99,0.8398676844257298,WNV cases
220,LAO_G,2025-04-30,2025-07-31,cdf,0,7.3073908702873554e-37,No WNV activity
221,LAO_G,2025-04-30,2025-07-31,quantile,0.01,3.365350613690386,WNV cases
222,LAO_G,2025-04-30,2025-07-31,quantile,0.05,3.6678210677522607,WNV cases
223,LAO_G,2025-04-30,2025-07-31,quantile,0.1,3.7850678701593417,WNV cases
224,LAO_G,2025-04-30,2025-07-31,quantile,0.15,3.881509275147409,WNV cases
225,LAO_G,2025-04-30,2025-07-31,quantile,0.2,3.926341456596297,WNV cases
226,LAO_G,2025-04-30,2025-07-31,quantile,0.25,3.971360448634986,WNV cases
227,LAO_G,2025-04-30,2025-07-31,quantile,0.3,4.013422380794179,WNV cases
228,LAO_G,2025-04-30,2025-07-31,quantile,0.35,4.05566904881988,WNV cases
229,LAO_G,2025-04-30,2025-07-31,quantile,0.4,4.102959876108652,WNV cases
230,LAO_G,2025-04-30,2025-07-31,quantile,0.45,4.161394733371157,WNV cases
231,LAO_G,2025-04-30,2025-07-31,quantile,0.5,4.195582400668751,WNV cases
232,LAO_G,2025-04-30,2025-07-31,quantile,0.55,4.229551568175808,WNV cases
233,LAO_G,2025-04-30,2025-07-31,quantile,0.6,4.255721688270569,WNV cases
234,LAO_G,2025-04-30,2025-07-31,quantile,0.65,4.300460080907802,WNV cases
235,LAO_G,2025-04-30,2025-07-31,quantile,0.7,4.332771497543413,WNV cases
236,LAO_G,2025-04-30,2025-07-31,quantile,0.75,4.368966605928209,WNV cases
237,LAO_G,2025-04-30,2025-07-31,quantile,0.8,4.4108281123517745,WNV cases
238,LAO_G,2025-04-30,2025-07-31,quantile,0.85,4.466692315207587,WNV cases
239,LAO_G,2025-04-30,2025-07-31,quantile,0.9,4.566923242626768,WNV cases
240,LAO_G,2025-04-30,2025-07-31,quantile,0.95,4.734474449446707,WNV cases
241,LAO_G,2025-04-30,2025-07-31,quantile,0.99,4.873876188740586,WNV cases
242,LAO_G,2025-04-30,2025-08-31,cdf,0,1.0495942020530094e-36,No WNV activity
243,LAO_G,2025-04-30,2025-08-31,quantile,0.01,16.34560987684462,WNV cases
244,LAO_G,2025-04-30,2025-08-31,quantile,0.05,18.189096258144186,WNV cases
245,LAO_G,2025-04-30,2025-08-31,quantile,0.1,18.64678353011006,WNV cases
246,LAO_G,2025-04-30,2025-08-31,quantile,0.15,19.04849298072584,WNV cases
247,LAO_G,2025-04-30,2025-08-31,quantile,0.2,19.264050291042135,WNV cases
248,LAO_G,2025-04-30,2025-08-31,quantile,0.25,19.495948762604684,WNV cases
249,LAO_G,2025-04-30,2025-08-31,quantile,0.3,19.746791540974318,WNV cases
250,LAO_G,2025-04-30,2025-08-31,quantile,0.35,19.974421298865117,WNV cases
251,LAO_G,2025-04-30,2025-08-31,quantile,0.4,20.175776549059936,WNV cases
252,LAO_G,2025-04-30,2025-08-31,quantile,0.45,20.522551603991573,WNV cases
253,LAO_G,2025-04-30,2025-08-31,quantile,0.5,20.71138098745635,WNV cases
254,LAO_G,2025-04-30,2025-08-31,quantile,0.55,20.868464460276595,WNV cases
255,LAO_G,2025-04-30,2025-08-31,quantile,0.6,21.0338266546076,WNV cases
256,LAO_G,2025-04-30,2025-08-31,quantile,0.65,21.321798806238654,WNV cases
257,LAO_G,2025-04-30,2025-08-31,quantile,0.7,21.48355397311124,WNV cases
258,LAO_G,2025-04-30,2025-08-31,quantile,0.75,21.639769929828066,WNV cases
259,LAO_G,2025-04-30,2025-08-31,quantile,0.8,21.863535466820302,WNV cases
260,LAO_G,2025-04-30,2025-08-31,quantile,0.85,22.079993508078836,WNV cases
261,LAO_G,2025-04-30,2025-08-31,quantile,0.9,22.64534859705453,WNV cases
262,LAO_G,2025-04-30,2025-08-31,quantile,0.95,23.476567990852125,WNV cases
263,LAO_G,2025-04-30,2025-08-31,quantile,0.99,24.201014624701607,WNV cases
264,LAO_G,2025-04-30,2025-09-30,cdf,0,1.403865336970483e-36,No WNV activity
265,LAO_G,2025-04-30,2025-09-30,quantile,0.01,25.766531356657396,WNV cases
266,LAO_G,2025-04-30,2025-09-30,quantile,0.05,28.756354688393948,WNV cases
267,LAO_G,2025-04-30,2025-09-30,quantile,0.1,29.449543365324388,WNV cases
268,LAO_G,2025-04-30,2025-09-30,quantile,0.15,30.067496405707466,WNV cases
269,LAO_G,2025-04-30,2025-09-30,quantile,0.2,30.40906638328476,WNV cases
270,LAO_G,2025-04-30,2025-09-30,quantile,0.25,30.779815943554194,WNV cases
271,LAO_G,2025-04-30,2025-09-30,quantile,0.3,31.182888088804305,WNV cases
272,LAO_G,2025-04-30,2025-09-30,quantile,0.35,31.547222137451172,WNV cases
273,LAO_G,2025-04-30,2025-09-30,quantile,0.4,31.859927726514414,WNV cases
274,LAO_G,2025-04-30,2025-09-30,quantile,0.45,32.41608976113676,WNV cases
275,LAO_G,2025-04-30,2025-09-30,quantile,0.5,32.719516291762844,WNV cases
276,LAO_G,2025-04-30,2025-09-30,quantile,0.55,32.96844449669424,WNV cases
277,LAO_G,2025-04-30,2025-09-30,quantile,0.6,33.23963352164837,WNV cases
278,LAO_G,2025-04-30,2025-09-30,quantile,0.65,33.70514307118425,WNV cases
279,LAO_G,2025-04-30,2025-09-30,quantile,0.7,33.96519901776554,WNV cases
280,LAO_G,2025-04-30,2025-09-30,quantile,0.75,34.20128402324639,WNV cases
281,LAO_G,2025-04-30,2025-09-30,quantile,0.8,34.56570201449924,WNV cases
282,LAO_G,2025-04-30,2025-09-30,quantile,0.85,34.89624314356332,WNV cases
283,LAO_G,2025-04-30,2025-09-30,quantile,0.9,35.80624405061356,WNV cases
284,LAO_G,2025-04-30,2025-09-30,quantile,0.95,37.11583023841935,WNV cases
285,LAO_G,2025-04-30,2025-09-30,quantile,0.99,38.27044450393831,WNV cases
286,LAO_G,2025-04-30,2025-10-31,cdf,0,2.8485017626275778e-36,No WNV activity
287,LAO_G,2025-04-30,2025-10-31,quantile,0.01,12.861296595949115,WNV cases
288,LAO_G,2025-04-30,2025-10-31,quantile,0.05,14.216367943118318,WNV cases
289,LAO_G,2025-04-30,2025-10-31,quantile,0.1,14.599043528238932,WNV cases
290,LAO_G,2025-04-30,2025-10-31,quantile,0.15,14.933957774229725,WNV cases
291,LAO_G,2025-04-30,2025-10-31,quantile,0.2,15.104930107039635,WNV cases
292,LAO_G,2025-04-30,2025-10-31,quantile,0.25,15.287816327027599,WNV cases
293,LAO_G,2025-04-30,2025-10-31,quantile,0.3,15.468580929919927,WNV cases
294,LAO_G,2025-04-30,2025-10-31,quantile,0.35,15.642689030579845,WNV cases
295,LAO_G,2025-04-30,2025-10-31,quantile,0.4,15.81130693416403,WNV cases
296,LAO_G,2025-04-30,2025-10-31,quantile,0.45,16.059958062990745,WNV cases
297,LAO_G,2025-04-30,2025-10-31,quantile,0.5,16.20689412319299,WNV cases
298,LAO_G,2025-04-30,2025-10-31,quantile,0.55,16.33477533706511,WNV cases
299,LAO_G,2025-04-30,2025-10-31,quantile,0.6,16.4587874460702,WNV cases
300,LAO_G,2025-04-30,2025-10-31,quantile,0.65,16.66012567462343,WNV cases
301,LAO_G,2025-04-30,2025-10-31,quantile,0.7,16.78995620843136,WNV cases
302,LAO_G,2025-04-30,2025-10-31,quantile,0.75,16.910684575938216,WNV cases
303,LAO_G,2025-04-30,2025-10-31,quantile,0.8,17.09371307642773,WNV cases
304,LAO_G,2025-04-30,2025-10-31,quantile,0.85,17.28064562094332,WNV cases
305,LAO_G,2025-04-30,2025-10-31,quantile,0.9,17.707819630401303,WNV cases
306,LAO_G,2025-04-30,2025-10-31,quantile,0.95,18.349100565669513,WNV cases
307,LAO_G,2025-04-30,2025-10-31,quantile,0.99,18.910449066547432,WNV cases
308,LAO_G,2025-04-30,2025-11-30,cdf,0,6.174626181246456e-34,No WNV activity
309,LAO_G,2025-04-30,2025-11-30,quantile,0.01,2.124959604306655,WNV cases
310,LAO_G,2025-04-30,2025-11-30,quantile,0.05,2.2989460699486015,WNV cases
311,LAO_G,2025-04-30,2025-11-30,quantile,0.1,2.3770830185726437,WNV cases
312,LAO_G,2025-04-30,2025-11-30,quantile,0.15,2.4430232770515214,WNV cases
313,LAO_G,2025-04-30,2025-11-30,quantile,0.2,2.471371045016279,WNV cases
314,LAO_G,2025-04-30,2025-11-30,quantile,0.25,2.499051210856197,WNV cases
315,LAO_G,2025-04-30,2025-11-30,quantile,0.3,2.523174565247815,WNV cases
316,LAO_G,2025-04-30,2025-11-30,quantile,0.35,2.549252999551369,WNV cases
317,LAO_G,2025-04-30,2025-11-30,quantile,0.4,2.58172770220824,WNV cases
318,LAO_G,2025-04-30,2025-11-30,quantile,0.45,2.614099028134587,WNV cases
319,LAO_G,2025-04-30,2025-11-30,quantile,0.5,2.6348554889361067,WNV cases
320,LAO_G,2025-04-30,2025-11-30,quantile,0.55,2.6579281856315307,WNV cases
321,LAO_G,2025-04-30,2025-11-30,quantile,0.6,2.67476384567492,WNV cases
322,LAO_G,2025-04-30,2025-11-30,quantile,0.65,2.697584072146753,WNV cases
323,LAO_G,2025-04-30,2025-11-30,quantile,0.7,2.716133000272693,WNV cases
324,LAO_G,2025-04-30,2025-11-30,quantile,0.75,2.7397461611815173,WNV cases
325,LAO_G,2025-04-30,2025-11-30,quantile,0.8,2.7658779091305203,WNV cases
326,LAO_G,2025-04-30,2025-11-30,quantile,0.85,2.8099056217405534,WNV cases
327,LAO_G,2025-04-30,2025-11-30,quantile,0.9,2.86309926678436,WNV cases
328,LAO_G,2025-04-30,2025-11-30,quantile,0.95,2.9715883436829156,WNV cases
329,LAO_G,2025-04-30,2025-11-30,quantile,0.99,3.0598355272803643,WNV cases
330,LAO_G,2025-04-30,2025-12-31,cdf,0,1.6613961702386236e-35,No WNV activity
331,LAO_G,2025-04-30,2025-12-31,quantile,0.01,1.1979414368368158,WNV cases
332,LAO_G,2025-04-30,2025-12-31,quantile,0.05,1.2793563825614525,WNV cases
333,LAO_G,2025-04-30,2025-12-31,quantile,0.1,1.328882989257273,WNV cases
334,LAO_G,2025-04-30,2025-12-31,quantile,0.15,1.3678539925151403,WNV cases
335,LAO_G,2025-04-30,2025-12-31,quantile,0.2,1.3840511812254637,WNV cases
336,LAO_G,2025-04-30,2025-12-31,quantile,0.25,1.399311552520352,WNV cases
337,LAO_G,2025-04-30,2025-12-31,quantile,0.3,1.410852843086527,WNV cases
338,LAO_G,2025-04-30,2025-12-31,quantile,0.35,1.4243277161560879,WNV cases
339,LAO_G,2025-04-30,2025-12-31,quantile,0.4,1.4434136612848802,WNV cases
340,LAO_G,2025-04-30,2025-12-31,quantile,0.45,1.4594028399448205,WNV cases
341,LAO_G,2025-04-30,2025-12-31,quantile,0.5,1.470086144001195,WNV cases
342,LAO_G,2025-04-30,2025-12-31,quantile,0.55,1.4829185742019404,WNV cases
343,LAO_G,2025-04-30,2025-12-31,quantile,0.6,1.489794599738988,WNV cases
344,LAO_G,2025-04-30,2025-12-31,quantile,0.65,1.500559588800175,WNV cases
345,LAO_G,2025-04-30,2025-12-31,quantile,0.7,1.5116464336111088,WNV cases
346,LAO_G,2025-04-30,2025-12-31,quantile,0.75,1.525750306670112,WNV cases
347,LAO_G,2025-04-30,2025-12-31,quantile,0.8,1.539429418215848,WNV cases
348,LAO_G,2025-04-30,2025-12-31,quantile,0.85,1.5635529808474309,WNV cases
349,LAO_G,2025-04-30,2025-12-31,quantile,0.9,1.5934860991558646,WNV cases
350,LAO_G,2025-04-30,2025-12-31,quantile,0.95,1.6520615369834084,WNV cases
351,LAO_G,2025-04-30,2025-12-31,quantile,0.99,1.6984675100656474,WNV cases
352,ScV_N,2025-04-30,2025-05-31,cdf,0,5.0532382550450525e-37,No WNV activity
353,ScV_N,2025-04-30,2025-05-31,quantile,0.01,0.002340157778602604,WNV cases
354,ScV_N,2025-04-30,2025-05-31,quantile,0.05,0.0024779079126391983,WNV cases
355,ScV_N,2025-04-30,2025-05-31,quantile,0.1,0.0025376328961680106,WNV cases
356,ScV_N,2025-04-30,2025-05-31,quantile,0.15,0.0025860579047031693,WNV cases
357,ScV_N,2025-04-30,2025-05-31,quantile,0.2,0.002628549803495158,WNV cases
358,ScV_N,2025-04-30,2025-05-31,quantile,0.25,0.002653359733959881,WNV cases
359,ScV_N,2025-04-30,2025-05-31,quantile,0.3,0.0026797531560684034,WNV cases
360,ScV_N,2025-04-30,2025-05-31,quantile,0.35,0.0026945543670649974,WNV cases
361,ScV_N,2025-04-30,2025-05-31,quantile,0.4,0.0027135685374348496,WNV cases
362,ScV_N,2025-04-30,2025-05-31,quantile,0.45,0.0027384353528796188,WNV cases
363,ScV_N,2025-04-30,2025-05-31,quantile,0.5,0.002756956902848799,WNV cases
364,ScV_N,2025-04-30,2025-05-31,quantile,0.55,0.002784173235248907,WNV cases
365,ScV_N,2025-04-30,2025-05-31,quantile,0.6,0.0028056447627022507,WNV cases
366,ScV_N,2025-04-30,2025-05-31,quantile,0.65,0.002836887602843659,WNV cases
367,ScV_N,2025-04-30,2025-05-31,quantile,0.7,0.0028590174615876597,WNV cases
368,ScV_N,2025-04-30,2025-05-31,quantile,0.75,0.0028915501718827464,WNV cases
369,ScV_N,2025-04-30,2025-05-31,quantile,0.8,0.002928603371438269,WNV cases
370,ScV_N,2025-04-30,2025-05-31,quantile,0.85,0.0029563582534642766,WNV cases
371,ScV_N,2025-04-30,2025-05-31,quantile,0.9,0.0030159718438458345,WNV cases
372,ScV_N,2025-04-30,2025-05-31,quantile,0.95,0.003071018847439256,WNV cases
373,ScV_N,2025-04-30,2025-05-31,quantile,0.99,0.0031614995842582823,WNV cases
374,ScV_N,2025-04-30,2025-06-30,cdf,0,6.288717403377606e-37,No WNV activity
375,ScV_N,2025-04-30,2025-06-30,quantile,0.01,0.11247176137009654,WNV cases
376,ScV_N,2025-04-30,2025-06-30,quantile,0.05,0.12043747832678782,WNV cases
377,ScV_N,2025-04-30,2025-06-30,quantile,0.1,0.12319378441933426,WNV cases
378,ScV_N,2025-04-30,2025-06-30,quantile,0.15,0.12548770341608256,WNV cases
379,ScV_N,2025-04-30,2025-06-30,quantile,0.2,0.1274472486152492,WNV cases
380,ScV_N,2025-04-30,2025-06-30,quantile,0.25,0.1287088639319244,WNV cases
381,ScV_N,2025-04-30,2025-06-30,quantile,0.3,0.13010799295899236,WNV cases
382,ScV_N,2025-04-30,2025-06-30,quantile,0.35,0.13096600789764906,WNV cases
383,ScV_N,2025-04-30,2025-06-30,quantile,0.4,0.13190264819246347,WNV cases
384,ScV_N,2025-04-30,2025-06-30,quantile,0.45,0.13335350998724346,WNV cases
385,ScV_N,2025-04-30,2025-06-30,quantile,0.5,0.13432967542397856,WNV cases
386,ScV_N,2025-04-30,2025-06-30,quantile,0.55,0.1355912846823533,WNV cases
387,ScV_N,2025-04-30,2025-06-30,quantile,0.6,0.1366881491860958,WNV cases
388,ScV_N,2025-04-30,2025-06-30,quantile,0.65,0.13835893894987877,WNV cases
389,ScV_N,2025-04-30,2025-06-30,quantile,0.7,0.13943180050512755,WNV cases
390,ScV_N,2025-04-30,2025-06-30,quantile,0.75,0.1409073587544638,WNV cases
391,ScV_N,2025-04-30,2025-06-30,quantile,0.8,0.14267381227979756,WNV cases
392,ScV_N,2025-04-30,2025-06-30,quantile,0.85,0.14394975754648742,WNV cases
393,ScV_N,2025-04-30,2025-06-30,quantile,0.9,0.14706240741140908,WNV cases
394,ScV_N,2025-04-30,2025-06-30,quantile,0.95,0.15015605490918107,WNV cases
395,ScV_N,2025-04-30,2025-06-30,quantile,0.99,0.1546543407244514,WNV cases
396,ScV_N,2025-04-30,2025-07-31,cdf,0,9.338598191763073e-37,No WNV activity
397,ScV_N,2025-04-30,2025-07-31,quantile,0.01,2.817769228810012,WNV cases
398,ScV_N,2025-04-30,2025-07-31,quantile,0.05,3.099620496383821,WNV cases
399,ScV_N,2025-04-30,2025-07-31,quantile,0.1,3.161396855055684,WNV cases
400,ScV_N,2025-04-30,2025-07-31,quantile,0.15,3.216734281694046,WNV cases
401,ScV_N,2025-04-30,2025-07-31,quantile,0.2,3.2609546280870534,WNV cases
402,ScV_N,2025-04-30,2025-07-31,quantile,0.25,3.2969999120693014,WNV cases
403,ScV_N,2025-04-30,2025-07-31,quantile,0.3,3.339868993470163,WNV cases
404,ScV_N,2025-04-30,2025-07-31,quantile,0.35,3.370363408868963,WNV cases
405,ScV_N,2025-04-30,2025-07-31,quantile,0.4,3.3952208649028432,WNV cases
406,ScV_N,2025-04-30,2025-07-31,quantile,0.45,3.446923670142588,WNV cases
407,ScV_N,2025-04-30,2025-07-31,quantile,0.5,3.4767258721168597,WNV cases
408,ScV_N,2025-04-30,2025-07-31,quantile,0.55,3.5056932237413196,WNV cases
409,ScV_N,2025-04-30,2025-07-31,quantile,0.6,3.5372983325611465,WNV cases
410,ScV_N,2025-04-30,2025-07-31,quantile,0.65,3.5892741800558685,WNV cases
411,ScV_N,2025-04-30,2025-07-31,quantile,0.7,3.6168617262984766,WNV cases
412,ScV_N,2025-04-30,2025-07-31,quantile,0.75,3.648268718912144,WNV cases
413,ScV_N,2025-04-30,2025-07-31,quantile,0.8,3.6921654108798867,WNV cases
414,ScV_N,2025-04-30,2025-07-31,quantile,0.85,3.720638549689091,WNV cases
415,ScV_N,2025-04-30,2025-07-31,quantile,0.9,3.8138378702028835,WNV cases
416,ScV_N,2025-04-30,2025-07-31,quantile,0.95,3.9182546620417122,WNV cases
417,ScV_N,2025-04-30,2025-07-31,quantile,0.99,4.040248254332879,WNV cases
418,ScV_N,2025-04-30,2025-08-31,cdf,0,1.768482568276937e-36,No WNV activity
419,ScV_N,2025-04-30,2025-08-31,quantile,0.01,37.78015680024118,WNV cases
420,ScV_N,2025-04-30,2025-08-31,quantile,0.05,42.43457435839104,WNV cases
421,ScV_N,2025-04-30,2025-08-31,quantile,0.1,43.17551973130968,WNV cases
422,ScV_N,2025-04-30,2025-08-31,quantile,0.15,43.89179403131658,WNV cases
423,ScV_N,2025-04-30,2025-08-31,quantile,0.2,44.44053306964913,WNV cases
424,ScV_N,2025-04-30,2025-08-31,quantile,0.25,44.97617224491004,WNV cases
425,ScV_N,2025-04-30,2025-08-31,quantile,0.3,45.62858997691761,WNV cases
426,ScV_N,2025-04-30,2025-08-31,quantile,0.35,46.13386161881264,WNV cases
427,ScV_N,2025-04-30,2025-08-31,quantile,0.4,46.48243432093148,WNV cases
428,ScV_N,2025-04-30,2025-08-31,quantile,0.45,47.32922213005297,WNV cases
429,ScV_N,2025-04-30,2025-08-31,quantile,0.5,47.78774708449238,WNV cases
430,ScV_N,2025-04-30,2025-08-31,quantile,0.55,48.15522546479197,WNV cases
431,ScV_N,2025-04-30,2025-08-31,quantile,0.6,48.62754467280224,WNV cases
432,ScV_N,2025-04-30,2025-08-31,quantile,0.65,49.42478072041212,WNV cases
433,ScV_N,2025-04-30,2025-08-31,quantile,0.7,49.81282829515862,WNV cases
434,ScV_N,2025-04-30,2025-08-31,quantile,0.75,50.16248452543009,WNV cases
435,ScV_N,2025-04-30,2025-08-31,quantile,0.8,50.764749700372874,WNV cases
436,ScV_N,2025-04-30,2025-08-31,quantile,0.85,51.11063816571476,WNV cases
437,ScV_N,2025-04-30,2025-08-31,quantile,0.9,52.52509377219461,WNV cases
438,ScV_N,2025-04-30,2025-08-31,quantile,0.95,54.19483967020054,WNV cases
439,ScV_N,2025-04-30,2025-08-31,quantile,0.99,55.93518031727184,WNV cases
440,ScV_N,2025-04-30,2025-09-30,cdf,0,2.4674566388139877e-36,No WNV activity
441,ScV_N,2025-04-30,2025-09-30,quantile,0.01,32.089186600964474,WNV cases
442,ScV_N,2025-04-30,2025-09-30,quantile,0.05,35.874953722712974,WNV cases
443,ScV_N,2025-04-30,2025-09-30,quantile,0.1,36.50387931592537,WNV cases
444,ScV_N,2025-04-30,2025-09-30,quantile,0.15,37.11594502612798,WNV cases
445,ScV_N,2025-04-30,2025-09-30,quantile,0.2,37.59301268452346,WNV cases
446,ScV_N,2025-04-30,2025-09-30,quantile,0.25,38.04388816910561,WNV cases
447,ScV_N,2025-04-30,2025-09-30,quantile,0.3,38.574808062929094,WNV cases
448,ScV_N,2025-04-30,2025-09-30,quantile,0.35,38.98686830925219,WNV cases
449,ScV_N,2025-04-30,2025-09-30,quantile,0.4,39.28036529849274,WNV cases
450,ScV_N,2025-04-30,2025-09-30,quantile,0.45,39.957589004978985,WNV cases
451,ScV_N,2025-04-30,2025-09-30,quantile,0.5,40.33813877298375,WNV cases
452,ScV_N,2025-04-30,2025-09-30,quantile,0.55,40.66182123049341,WNV cases
453,ScV_N,2025-04-30,2025-09-30,quantile,0.6,41.059745480315854,WNV cases
454,ScV_N,2025-04-30,2025-09-30,quantile,0.65,41.70670295484138,WNV cases
455,ScV_N,2025-04-30,2025-09-30,quantile,0.7,42.044748864992705,WNV cases
456,ScV_N,2025-04-30,2025-09-30,quantile,0.75,42.33910296661685,WNV cases
457,ScV_N,2025-04-30,2025-09-30,quantile,0.8,42.871343092484906,WNV cases
458,ScV_N,2025-04-30,2025-09-30,quantile,0.85,43.17139469493519,WNV cases
459,ScV_N,2025-04-30,2025-09-30,quantile,0.9,44.346258144186,WNV cases
460,ScV_N,2025-04-30,2025-09-30,quantile,0.95,45.68881229439168,WNV cases
461,ScV_N,2025-04-30,2025-09-30,quantile,0.99,47.15426046198065,WNV cases
462,ScV_N,2025-04-30,2025-10-31,cdf,0,8.675468796894071e-36,No WNV activity
463,ScV_N,2025-04-30,2025-10-31,quantile,0.01,9.529378505668255,WNV cases
464,ScV_N,2025-04-30,2025-10-31,quantile,0.05,10.482666294984146,WNV cases
465,ScV_N,2025-04-30,2025-10-31,quantile,0.1,10.675673171727345,WNV cases
466,ScV_N,2025-04-30,2025-10-31,quantile,0.15,10.867213677878333,WNV cases
467,ScV_N,2025-04-30,2025-10-31,quantile,0.2,11.01632806508228,WNV cases
468,ScV_N,2025-04-30,2025-10-31,quantile,0.25,11.143916187864363,WNV cases
469,ScV_N,2025-04-30,2025-10-31,quantile,0.3,11.281432618998519,WNV cases
470,ScV_N,2025-04-30,2025-10-31,quantile,0.35,11.385929358125937,WNV cases
471,ScV_N,2025-04-30,2025-10-31,quantile,0.4,11.470306093042549,WNV cases
472,ScV_N,2025-04-30,2025-10-31,quantile,0.45,11.634757904091266,WNV cases
473,ScV_N,2025-04-30,2025-10-31,quantile,0.5,11.744174962091927,WNV cases
474,ScV_N,2025-04-30,2025-10-31,quantile,0.55,11.84226886672203,WNV cases
475,ScV_N,2025-04-30,2025-10-31,quantile,0.6,11.954741617645881,WNV cases
476,ScV_N,2025-04-30,2025-10-31,quantile,0.65,12.121524680744518,WNV cases
477,ScV_N,2025-04-30,2025-10-31,quantile,0.7,12.220342674640696,WNV cases
478,ScV_N,2025-04-30,2025-10-31,quantile,0.75,12.316625498762034,WNV cases
479,ScV_N,2025-04-30,2025-10-31,quantile,0.8,12.480600800177065,WNV cases
480,ScV_N,2025-04-30,2025-10-31,quantile,0.85,12.584856967733364,WNV cases
481,ScV_N,2025-04-30,2025-10-31,quantile,0.9,12.888890093023127,WNV cases
482,ScV_N,2025-04-30,2025-10-31,quantile,0.95,13.234237911725284,WNV cases
483,ScV_N,2025-04-30,2025-10-31,quantile,0.99,13.653928930109197,WNV cases
484,ScV_N,2025-04-30,2025-11-30,cdf,0,2.727708336595592e-28,No WNV activity
485,ScV_N,2025-04-30,2025-11-30,quantile,0.01,0.8022786734832659,WNV cases
486,ScV_N,2025-04-30,2025-11-30,quantile,0.05,0.8567787310992827,WNV cases
487,ScV_N,2025-04-30,2025-11-30,quantile,0.1,0.8767281176164897,WNV cases
488,ScV_N,2025-04-30,2025-11-30,quantile,0.15,0.8935786774664214,WNV cases
489,ScV_N,2025-04-30,2025-11-30,quantile,0.2,0.9081153573110851,WNV cases
490,ScV_N,2025-04-30,2025-11-30,quantile,0.25,0.9172052090818232,WNV cases
491,ScV_N,2025-04-30,2025-11-30,quantile,0.3,0.9272426702458447,WNV cases
492,ScV_N,2025-04-30,2025-11-30,quantile,0.35,0.9329161443794617,WNV cases
493,ScV_N,2025-04-30,2025-11-30,quantile,0.4,0.940353299632217,WNV cases
494,ScV_N,2025-04-30,2025-11-30,quantile,0.45,0.9496345316821879,WNV cases
495,ScV_N,2025-04-30,2025-11-30,quantile,0.5,0.9562754015428852,WNV cases
496,ScV_N,2025-04-30,2025-11-30,quantile,0.55,0.966145710662158,WNV cases
497,ScV_N,2025-04-30,2025-11-30,quantile,0.6,0.9742555701070362,WNV cases
498,ScV_N,2025-04-30,2025-11-30,quantile,0.65,0.9849764798024688,WNV cases
499,ScV_N,2025-04-30,2025-11-30,quantile,0.7,0.992383920484119,WNV cases
500,ScV_N,2025-04-30,2025-11-30,quantile,0.75,1.0044092663911859,WNV cases
501,ScV_N,2025-04-30,2025-11-30,quantile,0.8,1.0171838011404482,WNV cases
502,ScV_N,2025-04-30,2025-11-30,quantile,0.85,1.0275459178168365,WNV cases
503,ScV_N,2025-04-30,2025-11-30,quantile,0.9,1.0504864062925783,WNV cases
504,ScV_N,2025-04-30,2025-11-30,quantile,0.95,1.0688777984392763,WNV cases
505,ScV_N,2025-04-30,2025-11-30,quantile,0.99,1.1046140783964986,WNV cases
506,ScV_N,2025-04-30,2025-12-31,cdf,0,3.105591882182919e-20,No WNV activity
507,ScV_N,2025-04-30,2025-12-31,quantile,0.01,0.12753526655830097,WNV cases
508,ScV_N,2025-04-30,2025-12-31,quantile,0.05,0.1347614704864099,WNV cases
509,ScV_N,2025-04-30,2025-12-31,quantile,0.1,0.13804891058526028,WNV cases
510,ScV_N,2025-04-30,2025-12-31,quantile,0.15,0.1407186390745049,WNV cases
511,ScV_N,2025-04-30,2025-12-31,quantile,0.2,0.14304415385986702,WNV cases
512,ScV_N,2025-04-30,2025-12-31,quantile,0.25,0.14442510143595025,WNV cases
513,ScV_N,2025-04-30,2025-12-31,quantile,0.3,0.14577969824401374,WNV cases
514,ScV_N,2025-04-30,2025-12-31,quantile,0.35,0.14658661828272873,WNV cases
515,ScV_N,2025-04-30,2025-12-31,quantile,0.4,0.14764846696264358,WNV cases
516,ScV_N,2025-04-30,2025-12-31,quantile,0.45,0.148902514305041,WNV cases
517,ScV_N,2025-04-30,2025-12-31,quantile,0.5,0.14990012491865062,WNV cases
518,ScV_N,2025-04-30,2025-12-31,quantile,0.55,0.15142385150432927,WNV cases
519,ScV_N,2025-04-30,2025-12-31,quantile,0.6,0.15256637501920753,WNV cases
520,ScV_N,2025-04-30,2025-12-31,quantile,0.65,0.15425643257237032,WNV cases
521,ScV_N,2025-04-30,2025-12-31,quantile,0.7,0.1554481449885049,WNV cases
522,ScV_N,2025-04-30,2025-12-31,quantile,0.75,0.15724199398942856,WNV cases
523,ScV_N,2025-04-30,2025-12-31,quantile,0.8,0.15928057574836368,WNV cases
524,ScV_N,2025-04-30,2025-12-31,quantile,0.85,0.16078712058023104,WNV cases
525,ScV_N,2025-04-30,2025-12-31,quantile,0.9,0.16406507175086493,WNV cases
526,ScV_N,2025-04-30,2025-12-31,quantile,0.95,0.16692138187977662,WNV cases
527,ScV_N,2025-04-30,2025-12-31,quantile,0.99,0.17191797587315014,WNV cases
528,ScV_S,2025-04-30,2025-05-31,cdf,0,5.076191496069792e-37,No WNV activity
529,ScV_S,2025-04-30,2025-05-31,quantile,0.01,0.007201691457091568,WNV cases
530,ScV_S,2025-04-30,2025-05-31,quantile,0.05,0.007655526402011243,WNV cases
531,ScV_S,2025-04-30,2025-05-31,quantile,0.1,0.007981060608995632,WNV cases
532,ScV_S,2025-04-30,2025-05-31,quantile,0.15,0.008103449717210998,WNV cases
533,ScV_S,2025-04-30,2025-05-31,quantile,0.2,0.008153089539693474,WNV cases
534,ScV_S,2025-04-30,2025-05-31,quantile,0.25,0.008340449602169049,WNV cases
535,ScV_S,2025-04-30,2025-05-31,quantile,0.3,0.00846158181707547,WNV cases
536,ScV_S,2025-04-30,2025-05-31,quantile,0.35,0.00854175891833033,WNV cases
537,ScV_S,2025-04-30,2025-05-31,quantile,0.4,0.0085970671421782,WNV cases
538,ScV_S,2025-04-30,2025-05-31,quantile,0.45,0.008654325430262634,WNV cases
539,ScV_S,2025-04-30,2025-05-31,quantile,0.5,0.008747265633604822,WNV cases
540,ScV_S,2025-04-30,2025-05-31,quantile,0.55,0.008850819822824112,WNV cases
541,ScV_S,2025-04-30,2025-05-31,quantile,0.6,0.008894320037639271,WNV cases
542,ScV_S,2025-04-30,2025-05-31,quantile,0.65,0.00902910757577044,WNV cases
543,ScV_S,2025-04-30,2025-05-31,quantile,0.7,0.009115144198835617,WNV cases
544,ScV_S,2025-04-30,2025-05-31,quantile,0.75,0.00920015672924974,WNV cases
545,ScV_S,2025-04-30,2025-05-31,quantile,0.8,0.00929378266175829,WNV cases
546,ScV_S,2025-04-30,2025-05-31,quantile,0.85,0.009464128404465304,WNV cases
547,ScV_S,2025-04-30,2025-05-31,quantile,0.9,0.009647454563151938,WNV cases
548,ScV_S,2025-04-30,2025-05-31,quantile,0.95,0.009900835656085861,WNV cases
549,ScV_S,2025-04-30,2025-05-31,quantile,0.99,0.010206542943834735,WNV cases
550,ScV_S,2025-04-30,2025-06-30,cdf,0,6.074060725770535e-37,No WNV activity
551,ScV_S,2025-04-30,2025-06-30,quantile,0.01,0.1295725209168111,WNV cases
552,ScV_S,2025-04-30,2025-06-30,quantile,0.05,0.13928046190377436,WNV cases
553,ScV_S,2025-04-30,2025-06-30,quantile,0.1,0.14463619304576303,WNV cases
554,ScV_S,2025-04-30,2025-06-30,quantile,0.15,0.1468662447625338,WNV cases
555,ScV_S,2025-04-30,2025-06-30,quantile,0.2,0.14786822322492643,WNV cases
556,ScV_S,2025-04-30,2025-06-30,quantile,0.25,0.15103700738212075,WNV cases
557,ScV_S,2025-04-30,2025-06-30,quantile,0.3,0.15327120929805918,WNV cases
558,ScV_S,2025-04-30,2025-06-30,quantile,0.35,0.15480148367056942,WNV cases
559,ScV_S,2025-04-30,2025-06-30,quantile,0.4,0.15583252063905348,WNV cases
560,ScV_S,2025-04-30,2025-06-30,quantile,0.45,0.1572199880023195,WNV cases
561,ScV_S,2025-04-30,2025-06-30,quantile,0.5,0.15890362896401472,WNV cases
562,ScV_S,2025-04-30,2025-06-30,quantile,0.55,0.1606594934833772,WNV cases
563,ScV_S,2025-04-30,2025-06-30,quantile,0.6,0.1615782206633476,WNV cases
564,ScV_S,2025-04-30,2025-06-30,quantile,0.65,0.16410765281379822,WNV cases
565,ScV_S,2025-04-30,2025-06-30,quantile,0.7,0.16562113598591144,WNV cases
566,ScV_S,2025-04-30,2025-06-30,quantile,0.75,0.16708350418643517,WNV cases
567,ScV_S,2025-04-30,2025-06-30,quantile,0.8,0.16880255497314714,WNV cases
568,ScV_S,2025-04-30,2025-06-30,quantile,0.85,0.1715793096733213,WNV cases
569,ScV_S,2025-04-30,2025-06-30,quantile,0.9,0.17517625344823104,WNV cases
570,ScV_S,2025-04-30,2025-06-30,quantile,0.95,0.1800587216034682,WNV cases
571,ScV_S,2025-04-30,2025-06-30,quantile,0.99,0.18566804992580652,WNV cases
572,ScV_S,2025-04-30,2025-07-31,cdf,0,8.44534604824794e-37,No WNV activity
573,ScV_S,2025-04-30,2025-07-31,quantile,0.01,1.5809579690297446,WNV cases
574,ScV_S,2025-04-30,2025-07-31,quantile,0.05,1.743716232704394,WNV cases
575,ScV_S,2025-04-30,2025-07-31,quantile,0.1,1.7946335679352887,WNV cases
576,ScV_S,2025-04-30,2025-07-31,quantile,0.15,1.8225913144121266,WNV cases
577,ScV_S,2025-04-30,2025-07-31,quantile,0.2,1.837963115085255,WNV cases
578,ScV_S,2025-04-30,2025-07-31,quantile,0.25,1.8710058325468892,WNV cases
579,ScV_S,2025-04-30,2025-07-31,quantile,0.3,1.8997977731203792,WNV cases
580,ScV_S,2025-04-30,2025-07-31,quantile,0.35,1.9210124991156838,WNV cases
581,ScV_S,2025-04-30,2025-07-31,quantile,0.4,1.934618211755849,WNV cases
582,ScV_S,2025-04-30,2025-07-31,quantile,0.45,1.9616634255707868,WNV cases
583,ScV_S,2025-04-30,2025-07-31,quantile,0.5,1.982582941199794,WNV cases
584,ScV_S,2025-04-30,2025-07-31,quantile,0.55,2.0010492139392433,WNV cases
585,ScV_S,2025-04-30,2025-07-31,quantile,0.6,2.016224437289768,WNV cases
586,ScV_S,2025-04-30,2025-07-31,quantile,0.65,2.0500133314518014,WNV cases
587,ScV_S,2025-04-30,2025-07-31,quantile,0.7,2.0675144677210335,WNV cases
588,ScV_S,2025-04-30,2025-07-31,quantile,0.75,2.083379762341278,WNV cases
589,ScV_S,2025-04-30,2025-07-31,quantile,0.8,2.1055780263862225,WNV cases
590,ScV_S,2025-04-30,2025-07-31,quantile,0.85,2.1312810050116644,WNV cases
591,ScV_S,2025-04-30,2025-07-31,quantile,0.9,2.1837518889494616,WNV cases
592,ScV_S,2025-04-30,2025-07-31,quantile,0.95,2.252470608913537,WNV cases
593,ScV_S,2025-04-30,2025-07-31,quantile,0.99,2.324152543087198,WNV cases
594,ScV_S,2025-04-30,2025-08-31,cdf,0,1.2733395245111258e-36,No WNV activity
595,ScV_S,2025-04-30,2025-08-31,quantile,0.01,27.85365994771322,WNV cases
596,ScV_S,2025-04-30,2025-08-31,quantile,0.05,31.27891779427577,WNV cases
597,ScV_S,2025-04-30,2025-08-31,quantile,0.1,31.993466637351297,WNV cases
598,ScV_S,2025-04-30,2025-08-31,quantile,0.15,32.49362764454851,WNV cases
599,ScV_S,2025-04-30,2025-08-31,quantile,0.2,32.80566263680506,WNV cases
600,ScV_S,2025-04-30,2025-08-31,quantile,0.25,33.322016282515094,WNV cases
601,ScV_S,2025-04-30,2025-08-31,quantile,0.3,33.84714766223021,WNV cases
602,ScV_S,2025-04-30,2025-08-31,quantile,0.35,34.25378626043147,WNV cases
603,ScV_S,2025-04-30,2025-08-31,quantile,0.4,34.50675975915158,WNV cases
604,ScV_S,2025-04-30,2025-08-31,quantile,0.45,35.10540135701497,WNV cases
605,ScV_S,2025-04-30,2025-08-31,quantile,0.5,35.48035303751628,WNV cases
606,ScV_S,2025-04-30,2025-08-31,quantile,0.55,35.77239743627683,WNV cases
607,ScV_S,2025-04-30,2025-08-31,quantile,0.6,36.0910802513662,WNV cases
608,ScV_S,2025-04-30,2025-08-31,quantile,0.65,36.72101253933377,WNV cases
609,ScV_S,2025-04-30,2025-08-31,quantile,0.7,37.022446950276695,WNV cases
610,ScV_S,2025-04-30,2025-08-31,quantile,0.75,37.27126081062086,WNV cases
611,ScV_S,2025-04-30,2025-08-31,quantile,0.8,37.684810676960026,WNV cases
612,ScV_S,2025-04-30,2025-08-31,quantile,0.85,38.03766770796343,WNV cases
613,ScV_S,2025-04-30,2025-08-31,quantile,0.9,39.070904664318974,WNV cases
614,ScV_S,2025-04-30,2025-08-31,quantile,0.95,40.391650498515425,WNV cases
615,ScV_S,2025-04-30,2025-08-31,quantile,0.99,41.69838849462644,WNV cases
616,ScV_S,2025-04-30,2025-09-30,cdf,0,1.5551353651261094e-36,No WNV activity
617,ScV_S,2025-04-30,2025-09-30,quantile,0.01,39.802617506547406,WNV cases
618,ScV_S,2025-04-30,2025-09-30,quantile,0.05,44.52827260951804,WNV cases
619,ScV_S,2025-04-30,2025-09-30,quantile,0.1,45.59712253917347,WNV cases
620,ScV_S,2025-04-30,2025-09-30,quantile,0.15,46.30485049161044,WNV cases
621,ScV_S,2025-04-30,2025-09-30,quantile,0.2,46.74066239173966,WNV cases
622,ScV_S,2025-04-30,2025-09-30,quantile,0.25,47.50651704422151,WNV cases
623,ScV_S,2025-04-30,2025-09-30,quantile,0.3,48.24737814700964,WNV cases
624,ScV_S,2025-04-30,2025-09-30,quantile,0.35,48.81966099594579,WNV cases
625,ScV_S,2025-04-30,2025-09-30,quantile,0.4,49.17803800948943,WNV cases
626,ScV_S,2025-04-30,2025-09-30,quantile,0.45,49.98583591345586,WNV cases
627,ScV_S,2025-04-30,2025-09-30,quantile,0.5,50.52242849330709,WNV cases
628,ScV_S,2025-04-30,2025-09-30,quantile,0.55,50.956184656933104,WNV cases
629,ScV_S,2025-04-30,2025-09-30,quantile,0.6,51.399641287447224,WNV cases
630,ScV_S,2025-04-30,2025-09-30,quantile,0.65,52.28317927350902,WNV cases
631,ScV_S,2025-04-30,2025-09-30,quantile,0.7,52.72583254419192,WNV cases
632,ScV_S,2025-04-30,2025-09-30,quantile,0.75,53.07812561651673,WNV cases
633,ScV_S,2025-04-30,2025-09-30,quantile,0.8,53.67852051089508,WNV cases
634,ScV_S,2025-04-30,2025-09-30,quantile,0.85,54.21637024542298,WNV cases
635,ScV_S,2025-04-30,2025-09-30,quantile,0.9,55.662324539338705,WNV cases
636,ScV_S,2025-04-30,2025-09-30,quantile,0.95,57.5017818104137,WNV cases
637,ScV_S,2025-04-30,2025-09-30,quantile,0.99,59.36095243511778,WNV cases
638,ScV_S,2025-04-30,2025-10-31,cdf,0,4.759400019387965e-36,No WNV activity
639,ScV_S,2025-04-30,2025-10-31,quantile,0.01,14.386025139779756,WNV cases
640,ScV_S,2025-04-30,2025-10-31,quantile,0.05,15.889608961163146,WNV cases
641,ScV_S,2025-04-30,2025-10-31,quantile,0.1,16.333107360685716,WNV cases
642,ScV_S,2025-04-30,2025-10-31,quantile,0.15,16.589315221767237,WNV cases
643,ScV_S,2025-04-30,2025-10-31,quantile,0.2,16.727968254474682,WNV cases
644,ScV_S,2025-04-30,2025-10-31,quantile,0.25,17.038644020003503,WNV cases
645,ScV_S,2025-04-30,2025-10-31,quantile,0.3,17.29539833646832,WNV cases
646,ScV_S,2025-04-30,2025-10-31,quantile,0.35,17.491516363741173,WNV cases
647,ScV_S,2025-04-30,2025-10-31,quantile,0.4,17.617304310654152,WNV cases
648,ScV_S,2025-04-30,2025-10-31,quantile,0.45,17.85199072866729,WNV cases
649,ScV_S,2025-04-30,2025-10-31,quantile,0.5,18.055469946427777,WNV cases
650,ScV_S,2025-04-30,2025-10-31,quantile,0.55,18.223580822800145,WNV cases
651,ScV_S,2025-04-30,2025-10-31,quantile,0.6,18.369422238282482,WNV cases
652,ScV_S,2025-04-30,2025-10-31,quantile,0.65,18.668880058057383,WNV cases
653,ScV_S,2025-04-30,2025-10-31,quantile,0.7,18.836214046285612,WNV cases
654,ScV_S,2025-04-30,2025-10-31,quantile,0.75,18.967212975627245,WNV cases
655,ScV_S,2025-04-30,2025-10-31,quantile,0.8,19.1948167627508,WNV cases
656,ScV_S,2025-04-30,2025-10-31,quantile,0.85,19.432023896111385,WNV cases
657,ScV_S,2025-04-30,2025-10-31,quantile,0.9,19.90841720080135,WNV cases
658,ScV_S,2025-04-30,2025-10-31,quantile,0.95,20.523899415526728,WNV cases
659,ScV_S,2025-04-30,2025-10-31,quantile,0.99,21.185897422559336,WNV cases
660,ScV_S,2025-04-30,2025-11-30,cdf,0,1.1735575354684407e-27,No WNV activity
661,ScV_S,2025-04-30,2025-11-30,quantile,0.01,0.9091898857644112,WNV cases
662,ScV_S,2025-04-30,2025-11-30,quantile,0.05,0.9768294007188142,WNV cases
663,ScV_S,2025-04-30,2025-11-30,quantile,0.1,1.0155258184731608,WNV cases
664,ScV_S,2025-04-30,2025-11-30,quantile,0.15,1.0313476819281626,WNV cases
665,ScV_S,2025-04-30,2025-11-30,quantile,0.2,1.0389836258960494,WNV cases
666,ScV_S,2025-04-30,2025-11-30,quantile,0.25,1.0621242931093833,WNV cases
667,ScV_S,2025-04-30,2025-11-30,quantile,0.3,1.0788683703150412,WNV cases
668,ScV_S,2025-04-30,2025-11-30,quantile,0.35,1.0889053171632268,WNV cases
669,ScV_S,2025-04-30,2025-11-30,quantile,0.4,1.0975241089108014,WNV cases
670,ScV_S,2025-04-30,2025-11-30,quantile,0.45,1.1061983525451988,WNV cases
671,ScV_S,2025-04-30,2025-11-30,quantile,0.5,1.1182235291208884,WNV cases
672,ScV_S,2025-04-30,2025-11-30,quantile,0.55,1.1311351485324628,WNV cases
673,ScV_S,2025-04-30,2025-11-30,quantile,0.6,1.1382248537106947,WNV cases
674,ScV_S,2025-04-30,2025-11-30,quantile,0.65,1.1545543070092346,WNV cases
675,ScV_S,2025-04-30,2025-11-30,quantile,0.7,1.1654292320964315,WNV cases
676,ScV_S,2025-04-30,2025-11-30,quantile,0.75,1.1778544443424301,WNV cases
677,ScV_S,2025-04-30,2025-11-30,quantile,0.8,1.190681484311518,WNV cases
678,ScV_S,2025-04-30,2025-11-30,quantile,0.85,1.2116908680911018,WNV cases
679,ScV_S,2025-04-30,2025-11-30,quantile,0.9,1.238092365590009,WNV cases
680,ScV_S,2025-04-30,2025-11-30,quantile,0.95,1.2688518515740983,WNV cases
681,ScV_S,2025-04-30,2025-11-30,quantile,0.99,1.3145224596514846,WNV cases
682,ScV_S,2025-04-30,2025-12-31,cdf,0,1.45714122130982e-12,No WNV activity
683,ScV_S,2025-04-30,2025-12-31,quantile,0.01,0.05506840293681378,WNV cases
684,ScV_S,2025-04-30,2025-12-31,quantile,0.05,0.05839303299088519,WNV cases
685,ScV_S,2025-04-30,2025-12-31,quantile,0.1,0.060972511640166614,WNV cases
686,ScV_S,2025-04-30,2025-12-31,quantile,0.15,0.061883471113032246,WNV cases
687,ScV_S,2025-04-30,2025-12-31,quantile,0.2,0.06227532495401155,WNV cases
688,ScV_S,2025-04-30,2025-12-31,quantile,0.25,0.0637609718456826,WNV cases
689,ScV_S,2025-04-30,2025-12-31,quantile,0.3,0.06468811406368252,WNV cases
690,ScV_S,2025-04-30,2025-12-31,quantile,0.35,0.06528940834010938,WNV cases
691,ScV_S,2025-04-30,2025-12-31,quantile,0.4,0.0657600193975888,WNV cases
692,ScV_S,2025-04-30,2025-12-31,quantile,0.45,0.06612340705892579,WNV cases
693,ScV_S,2025-04-30,2025-12-31,quantile,0.5,0.06686383433113195,WNV cases
694,ScV_S,2025-04-30,2025-12-31,quantile,0.55,0.06763170555709015,WNV cases
695,ScV_S,2025-04-30,2025-12-31,quantile,0.6,0.06795875354660576,WNV cases
696,ScV_S,2025-04-30,2025-12-31,quantile,0.65,0.06897734199659987,WNV cases
697,ScV_S,2025-04-30,2025-12-31,quantile,0.7,0.06969477162423603,WNV cases
698,ScV_S,2025-04-30,2025-12-31,quantile,0.75,0.07035403849787517,WNV cases
699,ScV_S,2025-04-30,2025-12-31,quantile,0.8,0.07111094435183045,WNV cases
700,ScV_S,2025-04-30,2025-12-31,quantile,0.85,0.07244699161189294,WNV cases
701,ScV_S,2025-04-30,2025-12-31,quantile,0.9,0.07381984517989544,WNV cases
702,ScV_S,2025-04-30,2025-12-31,quantile,0.95,0.0757442356611724,WNV cases
703,ScV_S,2025-04-30,2025-12-31,quantile,0.99,0.078209756296175,WNV cases
704,SnJ_N,2025-04-30,2025-05-31,cdf,0,5.2204856758932934e-37,No WNV activity
705,SnJ_N,2025-04-30,2025-05-31,quantile,0.01,0.05796894467332293,WNV cases
706,SnJ_N,2025-04-30,2025-05-31,quantile,0.05,0.0600651410558834,WNV cases
707,SnJ_N,2025-04-30,2025-05-31,quantile,0.1,0.06141907400968997,WNV cases
708,SnJ_N,2025-04-30,2025-05-31,quantile,0.15,0.0625794388429083,WNV cases
709,SnJ_N,2025-04-30,2025-05-31,quantile,0.2,0.06384940130278619,WNV cases
710,SnJ_N,2025-04-30,2025-05-31,quantile,0.25,0.06475068519192963,WNV cases
711,SnJ_N,2025-04-30,2025-05-31,quantile,0.3,0.06524769221009179,WNV cases
712,SnJ_N,2025-04-30,2025-05-31,quantile,0.35,0.06595442950669107,WNV cases
713,SnJ_N,2025-04-30,2025-05-31,quantile,0.4,0.0663770465227314,WNV cases
714,SnJ_N,2025-04-30,2025-05-31,quantile,0.45,0.06703705091330435,WNV cases
715,SnJ_N,2025-04-30,2025-05-31,quantile,0.5,0.06740795363286373,WNV cases
716,SnJ_N,2025-04-30,2025-05-31,quantile,0.55,0.06804186469320238,WNV cases
717,SnJ_N,2025-04-30,2025-05-31,quantile,0.6,0.06859921523360432,WNV cases
718,SnJ_N,2025-04-30,2025-05-31,quantile,0.65,0.06920335348695517,WNV cases
719,SnJ_N,2025-04-30,2025-05-31,quantile,0.7,0.06965073693374339,WNV cases
720,SnJ_N,2025-04-30,2025-05-31,quantile,0.75,0.07044908150823574,WNV cases
721,SnJ_N,2025-04-30,2025-05-31,quantile,0.8,0.07142515274498493,WNV cases
722,SnJ_N,2025-04-30,2025-05-31,quantile,0.85,0.07199027528045604,WNV cases
723,SnJ_N,2025-04-30,2025-05-31,quantile,0.9,0.07274695288277028,WNV cases
724,SnJ_N,2025-04-30,2025-05-31,quantile,0.95,0.07411512603625804,WNV cases
725,SnJ_N,2025-04-30,2025-05-31,quantile,0.99,0.07673815237075991,WNV cases
726,SnJ_N,2025-04-30,2025-06-30,cdf,0,6.490628076346063e-37,No WNV activity
727,SnJ_N,2025-04-30,2025-06-30,quantile,0.01,0.8655461459749878,WNV cases
728,SnJ_N,2025-04-30,2025-06-30,quantile,0.05,0.9116096439385655,WNV cases
729,SnJ_N,2025-04-30,2025-06-30,quantile,0.1,0.9311122707646302,WNV cases
730,SnJ_N,2025-04-30,2025-06-30,quantile,0.15,0.9482368667318364,WNV cases
731,SnJ_N,2025-04-30,2025-06-30,quantile,0.2,0.9659859739770794,WNV cases
732,SnJ_N,2025-04-30,2025-06-30,quantile,0.25,0.9793839108462286,WNV cases
733,SnJ_N,2025-04-30,2025-06-30,quantile,0.3,0.988297692754052,WNV cases
734,SnJ_N,2025-04-30,2025-06-30,quantile,0.35,0.9993418843457194,WNV cases
735,SnJ_N,2025-04-30,2025-06-30,quantile,0.4,1.0059660363076914,WNV cases
736,SnJ_N,2025-04-30,2025-06-30,quantile,0.45,1.0179459512835802,WNV cases
737,SnJ_N,2025-04-30,2025-06-30,quantile,0.5,1.024439748790529,WNV cases
738,SnJ_N,2025-04-30,2025-06-30,quantile,0.55,1.0335886493475752,WNV cases
739,SnJ_N,2025-04-30,2025-06-30,quantile,0.6,1.0424207187060155,WNV cases
740,SnJ_N,2025-04-30,2025-06-30,quantile,0.65,1.0533042065422944,WNV cases
741,SnJ_N,2025-04-30,2025-06-30,quantile,0.7,1.06029234209446,WNV cases
742,SnJ_N,2025-04-30,2025-06-30,quantile,0.75,1.0714667794680355,WNV cases
743,SnJ_N,2025-04-30,2025-06-30,quantile,0.8,1.0857960322890619,WNV cases
744,SnJ_N,2025-04-30,2025-06-30,quantile,0.85,1.0940044335644654,WNV cases
745,SnJ_N,2025-04-30,2025-06-30,quantile,0.9,1.1091210339406525,WNV cases
746,SnJ_N,2025-04-30,2025-06-30,quantile,0.95,1.133435540729099,WNV cases
747,SnJ_N,2025-04-30,2025-06-30,quantile,0.99,1.173019836647342,WNV cases
748,SnJ_N,2025-04-30,2025-07-31,cdf,0,9.459540961880179e-37,No WNV activity
749,SnJ_N,2025-04-30,2025-07-31,quantile,0.01,5.25003733538618,WNV cases
750,SnJ_N,2025-04-30,2025-07-31,quantile,0.05,5.711786987805608,WNV cases
751,SnJ_N,2025-04-30,2025-07-31,quantile,0.1,5.82063987520006,WNV cases
752,SnJ_N,2025-04-30,2025-07-31,quantile,0.15,5.921840677357684,WNV cases
753,SnJ_N,2025-04-30,2025-07-31,quantile,0.2,6.014913554143424,WNV cases
754,SnJ_N,2025-04-30,2025-07-31,quantile,0.25,6.0959003140227965,WNV cases
755,SnJ_N,2025-04-30,2025-07-31,quantile,0.3,6.1681458636967825,WNV cases
756,SnJ_N,2025-04-30,2025-07-31,quantile,0.35,6.241345424844761,WNV cases
757,SnJ_N,2025-04-30,2025-07-31,quantile,0.4,6.285414845052392,WNV cases
758,SnJ_N,2025-04-30,2025-07-31,quantile,0.45,6.3838479687469185,WNV cases
759,SnJ_N,2025-04-30,2025-07-31,quantile,0.5,6.43513106818151,WNV cases
760,SnJ_N,2025-04-30,2025-07-31,quantile,0.55,6.487132819011959,WNV cases
761,SnJ_N,2025-04-30,2025-07-31,quantile,0.6,6.547313627570567,WNV cases
762,SnJ_N,2025-04-30,2025-07-31,quantile,0.65,6.635944944439513,WNV cases
763,SnJ_N,2025-04-30,2025-07-31,quantile,0.7,6.682469878533874,WNV cases
764,SnJ_N,2025-04-30,2025-07-31,quantile,0.75,6.740572828235048,WNV cases
765,SnJ_N,2025-04-30,2025-07-31,quantile,0.8,6.825391957254121,WNV cases
766,SnJ_N,2025-04-30,2025-07-31,quantile,0.85,6.872428706198028,WNV cases
767,SnJ_N,2025-04-30,2025-07-31,quantile,0.9,7.011270763898137,WNV cases
768,SnJ_N,2025-04-30,2025-07-31,quantile,0.95,7.205994553036161,WNV cases
769,SnJ_N,2025-04-30,2025-07-31,quantile,0.99,7.4517384683242955,WNV cases
770,SnJ_N,2025-04-30,2025-08-31,cdf,0,1.579317357042849e-36,No WNV activity
771,SnJ_N,2025-04-30,2025-08-31,quantile,0.01,40.58211690729315,WNV cases
772,SnJ_N,2025-04-30,2025-08-31,quantile,0.05,45.22058533177232,WNV cases
773,SnJ_N,2025-04-30,2025-08-31,quantile,0.1,45.99768463288895,WNV cases
774,SnJ_N,2025-04-30,2025-08-31,quantile,0.15,46.76172341240777,WNV cases
775,SnJ_N,2025-04-30,2025-08-31,quantile,0.2,47.40208435058594,WNV cases
776,SnJ_N,2025-04-30,2025-08-31,quantile,0.25,48.03234127314404,WNV cases
777,SnJ_N,2025-04-30,2025-08-31,quantile,0.3,48.69328165535975,WNV cases
778,SnJ_N,2025-04-30,2025-08-31,quantile,0.35,49.29775160972518,WNV cases
779,SnJ_N,2025-04-30,2025-08-31,quantile,0.4,49.66153516673078,WNV cases
780,SnJ_N,2025-04-30,2025-08-31,quantile,0.45,50.56697548760308,WNV cases
781,SnJ_N,2025-04-30,2025-08-31,quantile,0.5,51.034526246966735,WNV cases
782,SnJ_N,2025-04-30,2025-08-31,quantile,0.55,51.42146046956381,WNV cases
783,SnJ_N,2025-04-30,2025-08-31,quantile,0.6,51.9297401736481,WNV cases
784,SnJ_N,2025-04-30,2025-08-31,quantile,0.65,52.741572486029725,WNV cases
785,SnJ_N,2025-04-30,2025-08-31,quantile,0.7,53.13326772054036,WNV cases
786,SnJ_N,2025-04-30,2025-08-31,quantile,0.75,53.51610156743213,WNV cases
787,SnJ_N,2025-04-30,2025-08-31,quantile,0.8,54.17269473605686,WNV cases
788,SnJ_N,2025-04-30,2025-08-31,quantile,0.85,54.52139640576911,WNV cases
789,SnJ_N,2025-04-30,2025-08-31,quantile,0.9,55.870881591180364,WNV cases
790,SnJ_N,2025-04-30,2025-08-31,quantile,0.95,57.64241093336934,WNV cases
791,SnJ_N,2025-04-30,2025-08-31,quantile,0.99,59.581487867567276,WNV cases
792,SnJ_N,2025-04-30,2025-09-30,cdf,0,1.9143651619484935e-36,No WNV activity
793,SnJ_N,2025-04-30,2025-09-30,quantile,0.01,49.70419415560636,WNV cases
794,SnJ_N,2025-04-30,2025-09-30,quantile,0.05,55.08460913764105,WNV cases
795,SnJ_N,2025-04-30,2025-09-30,quantile,0.1,56.03476094717931,WNV cases
796,SnJ_N,2025-04-30,2025-09-30,quantile,0.15,56.971140428022906,WNV cases
797,SnJ_N,2025-04-30,2025-09-30,quantile,0.2,57.78717106520528,WNV cases
798,SnJ_N,2025-04-30,2025-09-30,quantile,0.25,58.564163362136995,WNV cases
799,SnJ_N,2025-04-30,2025-09-30,quantile,0.3,59.33623585556492,WNV cases
800,SnJ_N,2025-04-30,2025-09-30,quantile,0.35,60.0667127358793,WNV cases
801,SnJ_N,2025-04-30,2025-09-30,quantile,0.4,60.50714477384933,WNV cases
802,SnJ_N,2025-04-30,2025-09-30,quantile,0.45,61.56528284092143,WNV cases
803,SnJ_N,2025-04-30,2025-09-30,quantile,0.5,62.119622432824336,WNV cases
804,SnJ_N,2025-04-30,2025-09-30,quantile,0.55,62.602981066462974,WNV cases
805,SnJ_N,2025-04-30,2025-09-30,quantile,0.6,63.22049674602471,WNV cases
806,SnJ_N,2025-04-30,2025-09-30,quantile,0.65,64.16901694403754,WNV cases
807,SnJ_N,2025-04-30,2025-09-30,quantile,0.7,64.65117259940716,WNV cases
808,SnJ_N,2025-04-30,2025-09-30,quantile,0.75,65.12193498707781,WNV cases
809,SnJ_N,2025-04-30,2025-09-30,quantile,0.8,65.95010067718198,WNV cases
810,SnJ_N,2025-04-30,2025-09-30,quantile,0.85,66.3794218121153,WNV cases
811,SnJ_N,2025-04-30,2025-09-30,quantile,0.9,67.95595481178978,WNV cases
812,SnJ_N,2025-04-30,2025-09-30,quantile,0.95,70.02873083557745,WNV cases
813,SnJ_N,2025-04-30,2025-09-30,quantile,0.99,72.39951563363124,WNV cases
814,SnJ_N,2025-04-30,2025-10-31,cdf,0,2.5155540539624547e-36,No WNV activity
815,SnJ_N,2025-04-30,2025-10-31,quantile,0.01,30.974268865103674,WNV cases
816,SnJ_N,2025-04-30,2025-10-31,quantile,0.05,33.69814109802246,WNV cases
817,SnJ_N,2025-04-30,2025-10-31,quantile,0.1,34.31295385264387,WNV cases
818,SnJ_N,2025-04-30,2025-10-31,quantile,0.15,34.90886900160048,WNV cases
819,SnJ_N,2025-04-30,2025-10-31,quantile,0.2,35.467846860789294,WNV cases
820,SnJ_N,2025-04-30,2025-10-31,quantile,0.25,35.95450281856036,WNV cases
821,SnJ_N,2025-04-30,2025-10-31,quantile,0.3,36.36798309557365,WNV cases
822,SnJ_N,2025-04-30,2025-10-31,quantile,0.35,36.80082901078041,WNV cases
823,SnJ_N,2025-04-30,2025-10-31,quantile,0.4,37.063203079531895,WNV cases
824,SnJ_N,2025-04-30,2025-10-31,quantile,0.45,37.63038325068926,WNV cases
825,SnJ_N,2025-04-30,2025-10-31,quantile,0.5,37.937295721034815,WNV cases
826,SnJ_N,2025-04-30,2025-10-31,quantile,0.55,38.248236415362115,WNV cases
827,SnJ_N,2025-04-30,2025-10-31,quantile,0.6,38.6134494627365,WNV cases
828,SnJ_N,2025-04-30,2025-10-31,quantile,0.65,39.12246551898995,WNV cases
829,SnJ_N,2025-04-30,2025-10-31,quantile,0.7,39.407477908664276,WNV cases
830,SnJ_N,2025-04-30,2025-10-31,quantile,0.75,39.73249705150874,WNV cases
831,SnJ_N,2025-04-30,2025-10-31,quantile,0.8,40.267479694250866,WNV cases
832,SnJ_N,2025-04-30,2025-10-31,quantile,0.85,40.54173232569839,WNV cases
833,SnJ_N,2025-04-30,2025-10-31,quantile,0.9,41.362145799579054,WNV cases
834,SnJ_N,2025-04-30,2025-10-31,quantile,0.95,42.47993775570031,WNV cases
835,SnJ_N,2025-04-30,2025-10-31,quantile,0.99,43.9389614143757,WNV cases
836,SnJ_N,2025-04-30,2025-11-30,cdf,0,8.596714775628848e-32,No WNV activity
837,SnJ_N,2025-04-30,2025-11-30,quantile,0.01,3.9867235313762315,WNV cases
838,SnJ_N,2025-04-30,2025-11-30,quantile,0.05,4.182191338804034,WNV cases
839,SnJ_N,2025-04-30,2025-11-30,quantile,0.1,4.268822445411875,WNV cases
840,SnJ_N,2025-04-30,2025-11-30,quantile,0.15,4.353102198152831,WNV cases
841,SnJ_N,2025-04-30,2025-11-30,quantile,0.2,4.4364585160004975,WNV cases
842,SnJ_N,2025-04-30,2025-11-30,quantile,0.25,4.496355796101118,WNV cases
843,SnJ_N,2025-04-30,2025-11-30,quantile,0.3,4.536690194197376,WNV cases
844,SnJ_N,2025-04-30,2025-11-30,quantile,0.35,4.5889615103451895,WNV cases
845,SnJ_N,2025-04-30,2025-11-30,quantile,0.4,4.619896476316934,WNV cases
846,SnJ_N,2025-04-30,2025-11-30,quantile,0.45,4.670663722235747,WNV cases
847,SnJ_N,2025-04-30,2025-11-30,quantile,0.5,4.698667544307131,WNV cases
848,SnJ_N,2025-04-30,2025-11-30,quantile,0.55,4.742951931375446,WNV cases
849,SnJ_N,2025-04-30,2025-11-30,quantile,0.6,4.78788259294298,WNV cases
850,SnJ_N,2025-04-30,2025-11-30,quantile,0.65,4.828402684192465,WNV cases
851,SnJ_N,2025-04-30,2025-11-30,quantile,0.7,4.8587743670049335,WNV cases
852,SnJ_N,2025-04-30,2025-11-30,quantile,0.75,4.916219937680948,WNV cases
853,SnJ_N,2025-04-30,2025-11-30,quantile,0.8,4.982987455647402,WNV cases
854,SnJ_N,2025-04-30,2025-11-30,quantile,0.85,5.032711108525595,WNV cases
855,SnJ_N,2025-04-30,2025-11-30,quantile,0.9,5.089013191184613,WNV cases
856,SnJ_N,2025-04-30,2025-11-30,quantile,0.95,5.1911685502890395,WNV cases
857,SnJ_N,2025-04-30,2025-11-30,quantile,0.99,5.3829645436219495,WNV cases
858,SnJ_N,2025-04-30,2025-12-31,cdf,0,2.0963277304775197e-13,No WNV activity
859,SnJ_N,2025-04-30,2025-12-31,quantile,0.01,0.19761855299866785,WNV cases
860,SnJ_N,2025-04-30,2025-12-31,quantile,0.05,0.2043112724798383,WNV cases
861,SnJ_N,2025-04-30,2025-12-31,quantile,0.1,0.20882900805692328,WNV cases
862,SnJ_N,2025-04-30,2025-12-31,quantile,0.15,0.21305954001956814,WNV cases
863,SnJ_N,2025-04-30,2025-12-31,quantile,0.2,0.21732824677225165,WNV cases
864,SnJ_N,2025-04-30,2025-12-31,quantile,0.25,0.22053624899361773,WNV cases
865,SnJ_N,2025-04-30,2025-12-31,quantile,0.3,0.22218523024948258,WNV cases
866,SnJ_N,2025-04-30,2025-12-31,quantile,0.35,0.22475377728014878,WNV cases
867,SnJ_N,2025-04-30,2025-12-31,quantile,0.4,0.22615761113249594,WNV cases
868,SnJ_N,2025-04-30,2025-12-31,quantile,0.45,0.22816308464083554,WNV cases
869,SnJ_N,2025-04-30,2025-12-31,quantile,0.5,0.22927400011644516,WNV cases
870,SnJ_N,2025-04-30,2025-12-31,quantile,0.55,0.2315123490048478,WNV cases
871,SnJ_N,2025-04-30,2025-12-31,quantile,0.6,0.23341782980908948,WNV cases
872,SnJ_N,2025-04-30,2025-12-31,quantile,0.65,0.23548897762190207,WNV cases
873,SnJ_N,2025-04-30,2025-12-31,quantile,0.7,0.23690528802648933,WNV cases
874,SnJ_N,2025-04-30,2025-12-31,quantile,0.75,0.23979813806392775,WNV cases
875,SnJ_N,2025-04-30,2025-12-31,quantile,0.8,0.24332853706290175,WNV cases
876,SnJ_N,2025-04-30,2025-12-31,quantile,0.85,0.24570715020533015,WNV cases
877,SnJ_N,2025-04-30,2025-12-31,quantile,0.9,0.2477255978132363,WNV cases
878,SnJ_N,2025-04-30,2025-12-31,quantile,0.95,0.2521372928255886,WNV cases
879,SnJ_N,2025-04-30,2025-12-31,quantile,0.99,0.2611517103887493,WNV cases
880,SnJ_S,2025-04-30,2025-05-31,cdf,0,4.685934049191479e-37,No WNV activity
881,SnJ_S,2025-04-30,2025-05-31,quantile,0.01,0.1264766004416301,WNV cases
882,SnJ_S,2025-04-30,2025-05-31,quantile,0.05,0.13465986422009082,WNV cases
883,SnJ_S,2025-04-30,2025-05-31,quantile,0.1,0.1388507352323469,WNV cases
884,SnJ_S,2025-04-30,2025-05-31,quantile,0.15,0.1418146722117495,WNV cases
885,SnJ_S,2025-04-30,2025-05-31,quantile,0.2,0.14281502372180724,WNV cases
886,SnJ_S,2025-04-30,2025-05-31,quantile,0.25,0.14453989774402645,WNV cases
887,SnJ_S,2025-04-30,2025-05-31,quantile,0.3,0.14556080801412463,WNV cases
888,SnJ_S,2025-04-30,2025-05-31,quantile,0.35,0.14760563952020472,WNV cases
889,SnJ_S,2025-04-30,2025-05-31,quantile,0.4,0.14876303932808266,WNV cases
890,SnJ_S,2025-04-30,2025-05-31,quantile,0.45,0.15056442889394325,WNV cases
891,SnJ_S,2025-04-30,2025-05-31,quantile,0.5,0.15148491132063693,WNV cases
892,SnJ_S,2025-04-30,2025-05-31,quantile,0.55,0.15272470213228248,WNV cases
893,SnJ_S,2025-04-30,2025-05-31,quantile,0.6,0.15351721121826103,WNV cases
894,SnJ_S,2025-04-30,2025-05-31,quantile,0.65,0.15437389022172102,WNV cases
895,SnJ_S,2025-04-30,2025-05-31,quantile,0.7,0.15575544658878984,WNV cases
896,SnJ_S,2025-04-30,2025-05-31,quantile,0.75,0.15687963734569046,WNV cases
897,SnJ_S,2025-04-30,2025-05-31,quantile,0.8,0.15946688624145935,WNV cases
898,SnJ_S,2025-04-30,2025-05-31,quantile,0.85,0.16172489020361966,WNV cases
899,SnJ_S,2025-04-30,2025-05-31,quantile,0.9,0.16342769102240448,WNV cases
900,SnJ_S,2025-04-30,2025-05-31,quantile,0.95,0.16658130976738353,WNV cases
901,SnJ_S,2025-04-30,2025-05-31,quantile,0.99,0.17382031080378874,WNV cases
902,SnJ_S,2025-04-30,2025-06-30,cdf,0,5.592314474358499e-37,No WNV activity
903,SnJ_S,2025-04-30,2025-06-30,quantile,0.01,0.5167508441390414,WNV cases
904,SnJ_S,2025-04-30,2025-06-30,quantile,0.05,0.5534976070577446,WNV cases
905,SnJ_S,2025-04-30,2025-06-30,quantile,0.1,0.5700057053355257,WNV cases
906,SnJ_S,2025-04-30,2025-06-30,quantile,0.15,0.5819226826230686,WNV cases
907,SnJ_S,2025-04-30,2025-06-30,quantile,0.2,0.5862115818743754,WNV cases
908,SnJ_S,2025-04-30,2025-06-30,quantile,0.25,0.5933231917595625,WNV cases
909,SnJ_S,2025-04-30,2025-06-30,quantile,0.3,0.5979603551553957,WNV cases
910,SnJ_S,2025-04-30,2025-06-30,quantile,0.35,0.6062983653009539,WNV cases
911,SnJ_S,2025-04-30,2025-06-30,quantile,0.4,0.6110451128145661,WNV cases
912,SnJ_S,2025-04-30,2025-06-30,quantile,0.45,0.6189342414339384,WNV cases
913,SnJ_S,2025-04-30,2025-06-30,quantile,0.5,0.622945683622601,WNV cases
914,SnJ_S,2025-04-30,2025-06-30,quantile,0.55,0.6279703947630796,WNV cases
915,SnJ_S,2025-04-30,2025-06-30,quantile,0.6,0.6314977492497426,WNV cases
916,SnJ_S,2025-04-30,2025-06-30,quantile,0.65,0.6357127361074842,WNV cases
917,SnJ_S,2025-04-30,2025-06-30,quantile,0.7,0.6413326912907639,WNV cases
918,SnJ_S,2025-04-30,2025-06-30,quantile,0.75,0.6458895702404205,WNV cases
919,SnJ_S,2025-04-30,2025-06-30,quantile,0.8,0.6562193120368803,WNV cases
920,SnJ_S,2025-04-30,2025-06-30,quantile,0.85,0.6650468961458014,WNV cases
921,SnJ_S,2025-04-30,2025-06-30,quantile,0.9,0.6731483657101188,WNV cases
922,SnJ_S,2025-04-30,2025-06-30,quantile,0.95,0.6871738599406348,WNV cases
923,SnJ_S,2025-04-30,2025-06-30,quantile,0.99,0.7163840508220172,WNV cases
924,SnJ_S,2025-04-30,2025-07-31,cdf,0,7.65625305670656e-37,No WNV activity
925,SnJ_S,2025-04-30,2025-07-31,quantile,0.01,3.127775000803399,WNV cases
926,SnJ_S,2025-04-30,2025-07-31,quantile,0.05,3.4265452984607583,WNV cases
927,SnJ_S,2025-04-30,2025-07-31,quantile,0.1,3.5123181451450693,WNV cases
928,SnJ_S,2025-04-30,2025-07-31,quantile,0.15,3.579821623937048,WNV cases
929,SnJ_S,2025-04-30,2025-07-31,quantile,0.2,3.6103364638607913,WNV cases
930,SnJ_S,2025-04-30,2025-07-31,quantile,0.25,3.654860590443467,WNV cases
931,SnJ_S,2025-04-30,2025-07-31,quantile,0.3,3.6937875771763347,WNV cases
932,SnJ_S,2025-04-30,2025-07-31,quantile,0.35,3.7440393356361774,WNV cases
933,SnJ_S,2025-04-30,2025-07-31,quantile,0.4,3.773202192903769,WNV cases
934,SnJ_S,2025-04-30,2025-07-31,quantile,0.45,3.8330128674555306,WNV cases
935,SnJ_S,2025-04-30,2025-07-31,quantile,0.5,3.863138880392518,WNV cases
936,SnJ_S,2025-04-30,2025-07-31,quantile,0.55,3.89251212881069,WNV cases
937,SnJ_S,2025-04-30,2025-07-31,quantile,0.6,3.920583700892901,WNV cases
938,SnJ_S,2025-04-30,2025-07-31,quantile,0.65,3.962379884238195,WNV cases
939,SnJ_S,2025-04-30,2025-07-31,quantile,0.7,3.9955456594024046,WNV cases
940,SnJ_S,2025-04-30,2025-07-31,quantile,0.75,4.022463668476451,WNV cases
941,SnJ_S,2025-04-30,2025-07-31,quantile,0.8,4.080080925816238,WNV cases
942,SnJ_S,2025-04-30,2025-07-31,quantile,0.85,4.124451384399877,WNV cases
943,SnJ_S,2025-04-30,2025-07-31,quantile,0.9,4.199696945421623,WNV cases
944,SnJ_S,2025-04-30,2025-07-31,quantile,0.95,4.3102690715982455,WNV cases
945,SnJ_S,2025-04-30,2025-07-31,quantile,0.99,4.478991368804316,WNV cases
946,SnJ_S,2025-04-30,2025-08-31,cdf,0,1.267565281004534e-36,No WNV activity
947,SnJ_S,2025-04-30,2025-08-31,quantile,0.01,21.967966426502574,WNV cases
948,SnJ_S,2025-04-30,2025-08-31,quantile,0.05,24.643361293908313,WNV cases
949,SnJ_S,2025-04-30,2025-08-31,quantile,0.1,25.135737544358378,WNV cases
950,SnJ_S,2025-04-30,2025-08-31,quantile,0.15,25.574140028520063,WNV cases
951,SnJ_S,2025-04-30,2025-08-31,quantile,0.2,25.824686609133323,WNV cases
952,SnJ_S,2025-04-30,2025-08-31,quantile,0.25,26.151415449200254,WNV cases
953,SnJ_S,2025-04-30,2025-08-31,quantile,0.3,26.503882822364268,WNV cases
954,SnJ_S,2025-04-30,2025-08-31,quantile,0.35,26.856843042855314,WNV cases
955,SnJ_S,2025-04-30,2025-08-31,quantile,0.4,27.065499450221207,WNV cases
956,SnJ_S,2025-04-30,2025-08-31,quantile,0.45,27.57263089189626,WNV cases
957,SnJ_S,2025-04-30,2025-08-31,quantile,0.5,27.829062336623064,WNV cases
958,SnJ_S,2025-04-30,2025-08-31,quantile,0.55,28.03062699057839,WNV cases
959,SnJ_S,2025-04-30,2025-08-31,quantile,0.6,28.28022398129858,WNV cases
960,SnJ_S,2025-04-30,2025-08-31,quantile,0.65,28.692257505474664,WNV cases
961,SnJ_S,2025-04-30,2025-08-31,quantile,0.7,28.923929079614503,WNV cases
962,SnJ_S,2025-04-30,2025-08-31,quantile,0.75,29.101534024633544,WNV cases
963,SnJ_S,2025-04-30,2025-08-31,quantile,0.8,29.477657106187607,WNV cases
964,SnJ_S,2025-04-30,2025-08-31,quantile,0.85,29.722721986096317,WNV cases
965,SnJ_S,2025-04-30,2025-08-31,quantile,0.9,30.447990456012764,WNV cases
966,SnJ_S,2025-04-30,2025-08-31,quantile,0.95,31.411564065952497,WNV cases
967,SnJ_S,2025-04-30,2025-08-31,quantile,0.99,32.54117087161902,WNV cases
968,SnJ_S,2025-04-30,2025-09-30,cdf,0,1.3838455090664786e-36,No WNV activity
969,SnJ_S,2025-04-30,2025-09-30,quantile,0.01,40.4043952479507,WNV cases
970,SnJ_S,2025-04-30,2025-09-30,quantile,0.05,45.0965286794335,WNV cases
971,SnJ_S,2025-04-30,2025-09-30,quantile,0.1,46.038083432900784,WNV cases
972,SnJ_S,2025-04-30,2025-09-30,quantile,0.15,46.857208020759344,WNV cases
973,SnJ_S,2025-04-30,2025-09-30,quantile,0.2,47.30575746478456,WNV cases
974,SnJ_S,2025-04-30,2025-09-30,quantile,0.25,47.904191643300685,WNV cases
975,SnJ_S,2025-04-30,2025-09-30,quantile,0.3,48.51669168953944,WNV cases
976,SnJ_S,2025-04-30,2025-09-30,quantile,0.35,49.16662431967379,WNV cases
977,SnJ_S,2025-04-30,2025-09-30,quantile,0.4,49.549206396546026,WNV cases
978,SnJ_S,2025-04-30,2025-09-30,quantile,0.45,50.4425022626164,WNV cases
979,SnJ_S,2025-04-30,2025-09-30,quantile,0.5,50.89640996913717,WNV cases
980,SnJ_S,2025-04-30,2025-09-30,quantile,0.55,51.27337291987256,WNV cases
981,SnJ_S,2025-04-30,2025-09-30,quantile,0.6,51.71412562360667,WNV cases
982,SnJ_S,2025-04-30,2025-09-30,quantile,0.65,52.41905624697907,WNV cases
983,SnJ_S,2025-04-30,2025-09-30,quantile,0.7,52.85197722309768,WNV cases
984,SnJ_S,2025-04-30,2025-09-30,quantile,0.75,53.17389520972666,WNV cases
985,SnJ_S,2025-04-30,2025-09-30,quantile,0.8,53.88809369790433,WNV cases
986,SnJ_S,2025-04-30,2025-09-30,quantile,0.85,54.36559627032039,WNV cases
987,SnJ_S,2025-04-30,2025-09-30,quantile,0.9,55.621684334494844,WNV cases
988,SnJ_S,2025-04-30,2025-09-30,quantile,0.95,57.30971658109414,WNV cases
989,SnJ_S,2025-04-30,2025-09-30,quantile,0.99,59.41496496489553,WNV cases
990,SnJ_S,2025-04-30,2025-10-31,cdf,0,4.3558163995351465e-36,No WNV activity
991,SnJ_S,2025-04-30,2025-10-31,quantile,0.01,18.701648962618126,WNV cases
992,SnJ_S,2025-04-30,2025-10-31,quantile,0.05,20.465256941438927,WNV cases
993,SnJ_S,2025-04-30,2025-10-31,quantile,0.1,20.964572829429553,WNV cases
994,SnJ_S,2025-04-30,2025-10-31,quantile,0.15,21.374451502405034,WNV cases
995,SnJ_S,2025-04-30,2025-10-31,quantile,0.2,21.55489789596712,WNV cases
996,SnJ_S,2025-04-30,2025-10-31,quantile,0.25,21.828240558354544,WNV cases
997,SnJ_S,2025-04-30,2025-10-31,quantile,0.3,22.04719066619873,WNV cases
998,SnJ_S,2025-04-30,2025-10-31,quantile,0.35,22.350098898916535,WNV cases
999,SnJ_S,2025-04-30,2025-10-31,quantile,0.4,22.52536981756037,WNV cases
1000,SnJ_S,2025-04-30,2025-10-31,quantile,0.45,22.867460722875116,WNV cases
1001,SnJ_S,2025-04-30,2025-10-31,quantile,0.5,23.053876655270358,WNV cases
1002,SnJ_S,2025-04-30,2025-10-31,quantile,0.55,23.232570657826436,WNV cases
1003,SnJ_S,2025-04-30,2025-10-31,quantile,0.6,23.404039729725234,WNV cases
1004,SnJ_S,2025-04-30,2025-10-31,quantile,0.65,23.635171976956457,WNV cases
1005,SnJ_S,2025-04-30,2025-10-31,quantile,0.7,23.84241386375042,WNV cases
1006,SnJ_S,2025-04-30,2025-10-31,quantile,0.75,23.98898649697352,WNV cases
1007,SnJ_S,2025-04-30,2025-10-31,quantile,0.8,24.360088858941587,WNV cases
1008,SnJ_S,2025-04-30,2025-10-31,quantile,0.85,24.631843143039283,WNV cases
1009,SnJ_S,2025-04-30,2025-10-31,quantile,0.9,25.065444898123697,WNV cases
1010,SnJ_S,2025-04-30,2025-10-31,quantile,0.95,25.702497029545334,WNV cases
1011,SnJ_S,2025-04-30,2025-10-31,quantile,0.99,26.7276923247058,WNV cases
1012,SnJ_S,2025-04-30,2025-11-30,cdf,0,1.935436312121218e-30,No WNV activity
1013,SnJ_S,2025-04-30,2025-11-30,quantile,0.01,2.911724944006313,WNV cases
1014,SnJ_S,2025-04-30,2025-11-30,quantile,0.05,3.113942499714668,WNV cases
1015,SnJ_S,2025-04-30,2025-11-30,quantile,0.1,3.207382844855087,WNV cases
1016,SnJ_S,2025-04-30,2025-11-30,quantile,0.15,3.2762927467172798,WNV cases
1017,SnJ_S,2025-04-30,2025-11-30,quantile,0.2,3.300879387241422,WNV cases
1018,SnJ_S,2025-04-30,2025-11-30,quantile,0.25,3.3405226399802204,WNV cases
1019,SnJ_S,2025-04-30,2025-11-30,quantile,0.3,3.365697196336708,WNV cases
1020,SnJ_S,2025-04-30,2025-11-30,quantile,0.35,3.4126737298387475,WNV cases
1021,SnJ_S,2025-04-30,2025-11-30,quantile,0.4,3.4402077351555684,WNV cases
1022,SnJ_S,2025-04-30,2025-11-30,quantile,0.45,3.483487975115728,WNV cases
1023,SnJ_S,2025-04-30,2025-11-30,quantile,0.5,3.5049155703698753,WNV cases
1024,SnJ_S,2025-04-30,2025-11-30,quantile,0.55,3.5357631764026607,WNV cases
1025,SnJ_S,2025-04-30,2025-11-30,quantile,0.6,3.5560651538950028,WNV cases
1026,SnJ_S,2025-04-30,2025-11-30,quantile,0.65,3.5758311188582224,WNV cases
1027,SnJ_S,2025-04-30,2025-11-30,quantile,0.7,3.6078348629402393,WNV cases
1028,SnJ_S,2025-04-30,2025-11-30,quantile,0.75,3.6354851683582923,WNV cases
1029,SnJ_S,2025-04-30,2025-11-30,quantile,0.8,3.6928533198255487,WNV cases
1030,SnJ_S,2025-04-30,2025-11-30,quantile,0.85,3.7463293310367702,WNV cases
1031,SnJ_S,2025-04-30,2025-11-30,quantile,0.9,3.7897422536455023,WNV cases
1032,SnJ_S,2025-04-30,2025-11-30,quantile,0.95,3.864893394889253,WNV cases
1033,SnJ_S,2025-04-30,2025-11-30,quantile,0.99,4.035654248312267,WNV cases
1034,SnJ_S,2025-04-30,2025-12-31,cdf,0,0.00022718070067978283,No WNV activity
1035,SnJ_S,2025-04-30,2025-12-31,quantile,0.01,0.05203275758281552,WNV cases
1036,SnJ_S,2025-04-30,2025-12-31,quantile,0.05,0.05510089433172267,WNV cases
1037,SnJ_S,2025-04-30,2025-12-31,quantile,0.1,0.056773268291667844,WNV cases
1038,SnJ_S,2025-04-30,2025-12-31,quantile,0.15,0.05817219046399583,WNV cases
1039,SnJ_S,2025-04-30,2025-12-31,quantile,0.2,0.05861179598617701,WNV cases
1040,SnJ_S,2025-04-30,2025-12-31,quantile,0.25,0.05936896341477724,WNV cases
1041,SnJ_S,2025-04-30,2025-12-31,quantile,0.3,0.059727802993776676,WNV cases
1042,SnJ_S,2025-04-30,2025-12-31,quantile,0.35,0.060495849975121294,WNV cases
1043,SnJ_S,2025-04-30,2025-12-31,quantile,0.4,0.06099762547246146,WNV cases
1044,SnJ_S,2025-04-30,2025-12-31,quantile,0.45,0.06165762333378113,WNV cases
1045,SnJ_S,2025-04-30,2025-12-31,quantile,0.5,0.06209908799042525,WNV cases
1046,SnJ_S,2025-04-30,2025-12-31,quantile,0.55,0.06272412094903747,WNV cases
1047,SnJ_S,2025-04-30,2025-12-31,quantile,0.6,0.06290285858193957,WNV cases
1048,SnJ_S,2025-04-30,2025-12-31,quantile,0.65,0.06330907916252712,WNV cases
1049,SnJ_S,2025-04-30,2025-12-31,quantile,0.7,0.06392591034833599,WNV cases
1050,SnJ_S,2025-04-30,2025-12-31,quantile,0.75,0.06443389989800201,WNV cases
1051,SnJ_S,2025-04-30,2025-12-31,quantile,0.8,0.06537769246326681,WNV cases
1052,SnJ_S,2025-04-30,2025-12-31,quantile,0.85,0.06638227882818548,WNV cases
1053,SnJ_S,2025-04-30,2025-12-31,quantile,0.9,0.06718699405301412,WNV cases
1054,SnJ_S,2025-04-30,2025-12-31,quantile,0.95,0.0685039878519477,WNV cases
1055,SnJ_S,2025-04-30,2025-12-31,quantile,0.99,0.0714768777593189,WNV cases
