location,origin_date,target_date,output_type,output_type_id,value,target
Cal_S,2025-07-31,2025-08-31,cdf,0,0.08258854671205018,No WNV activity
Cal_S,2025-07-31,2025-08-31,quantile,0.01,0.0,WNV cases
Cal_S,2025-07-31,2025-08-31,quantile,0.05,0.0,WNV cases
Cal_S,2025-07-31,2025-08-31,quantile,0.1,0.8836779113237796,WNV cases
Cal_S,2025-07-31,2025-08-31,quantile,0.15,3.363474684213383,WNV cases
Cal_S,2025-07-31,2025-08-31,quantile,0.2,4.238496408252999,WNV cases
Cal_S,2025-07-31,2025-08-31,quantile,0.25,5.062943481248326,WNV cases
Cal_S,2025-07-31,2025-08-31,quantile,0.3,5.8873905542436535,WNV cases
Cal_S,2025-07-31,2025-08-31,quantile,0.35,6.711837627238982,WNV cases
Cal_S,2025-07-31,2025-08-31,quantile,0.4,7.53628470023431,WNV cases
Cal_S,2025-07-31,2025-08-31,quantile,0.45,8.360731773229636,WNV cases
Cal_S,2025-07-31,2025-08-31,quantile,0.5,9.185178846224964,WNV cases
Cal_S,2025-07-31,2025-08-31,quantile,0.55,10.009625919220293,WNV cases
Cal_S,2025-07-31,2025-08-31,quantile,0.6,10.83407299221562,WNV cases
Cal_S,2025-07-31,2025-08-31,quantile,0.65,11.658520065210947,WNV cases
Cal_S,2025-07-31,2025-08-31,quantile,0.7,12.482967138206275,WNV cases
Cal_S,2025-07-31,2025-08-31,quantile,0.75,13.307414211201603,WNV cases
Cal_S,2025-07-31,2025-08-31,quantile,0.8,14.13186128419693,WNV cases
Cal_S,2025-07-31,2025-08-31,quantile,0.85,15.004697134914863,WNV cases
Cal_S,2025-07-31,2025-08-31,quantile,0.9,17.92173725824007,WNV cases
Cal_S,2025-07-31,2025-08-31,quantile,0.95,24.67896666729201,WNV cases
Cal_S,2025-07-31,2025-08-31,quantile,0.99,49.51950396958407,WNV cases
LAO_G,2025-07-31,2025-08-31,cdf,0,0.08953901467840347,No WNV activity
LAO_G,2025-07-31,2025-08-31,quantile,0.01,0.0,WNV cases
LAO_G,2025-07-31,2025-08-31,quantile,0.05,0.0,WNV cases
LAO_G,2025-07-31,2025-08-31,quantile,0.1,0.8090641870827984,WNV cases
LAO_G,2025-07-31,2025-08-31,quantile,0.15,2.236064142118545,WNV cases
LAO_G,2025-07-31,2025-08-31,quantile,0.2,3.0720969426133777,WNV cases
LAO_G,2025-07-31,2025-08-31,quantile,0.25,3.9081297431082103,WNV cases
LAO_G,2025-07-31,2025-08-31,quantile,0.3,4.744162543603042,WNV cases
LAO_G,2025-07-31,2025-08-31,quantile,0.35,5.580195344097875,WNV cases
LAO_G,2025-07-31,2025-08-31,quantile,0.4,6.416228144592708,WNV cases
LAO_G,2025-07-31,2025-08-31,quantile,0.45,7.252260945087539,WNV cases
LAO_G,2025-07-31,2025-08-31,quantile,0.5,8.088293745582371,WNV cases
LAO_G,2025-07-31,2025-08-31,quantile,0.55,8.924326546077204,WNV cases
LAO_G,2025-07-31,2025-08-31,quantile,0.6,9.760359346572038,WNV cases
LAO_G,2025-07-31,2025-08-31,quantile,0.65,10.596392147066869,WNV cases
LAO_G,2025-07-31,2025-08-31,quantile,0.7,11.432424947561701,WNV cases
LAO_G,2025-07-31,2025-08-31,quantile,0.75,12.268457748056534,WNV cases
LAO_G,2025-07-31,2025-08-31,quantile,0.8,13.104490548551365,WNV cases
LAO_G,2025-07-31,2025-08-31,quantile,0.85,13.940523349046199,WNV cases
LAO_G,2025-07-31,2025-08-31,quantile,0.9,16.45043533828656,WNV cases
LAO_G,2025-07-31,2025-08-31,quantile,0.95,22.779738692252185,WNV cases
LAO_G,2025-07-31,2025-08-31,quantile,0.99,46.902199961979406,WNV cases
ScV_N,2025-07-31,2025-08-31,cdf,0,0.14977033791651329,No WNV activity
ScV_N,2025-07-31,2025-08-31,quantile,0.01,0.0,WNV cases
ScV_N,2025-07-31,2025-08-31,quantile,0.05,0.0,WNV cases
ScV_N,2025-07-31,2025-08-31,quantile,0.1,0.0,WNV cases
ScV_N,2025-07-31,2025-08-31,quantile,0.15,0.00893491443443084,WNV cases
ScV_N,2025-07-31,2025-08-31,quantile,0.2,1.051532509033248,WNV cases
ScV_N,2025-07-31,2025-08-31,quantile,0.25,1.9038145799978474,WNV cases
ScV_N,2025-07-31,2025-08-31,quantile,0.3,2.756096650962446,WNV cases
ScV_N,2025-07-31,2025-08-31,quantile,0.35,3.6083787219270462,WNV cases
ScV_N,2025-07-31,2025-08-31,quantile,0.4,4.460660792891646,WNV cases
ScV_N,2025-07-31,2025-08-31,quantile,0.45,5.312942863856244,WNV cases
ScV_N,2025-07-31,2025-08-31,quantile,0.5,6.165224934820843,WNV cases
ScV_N,2025-07-31,2025-08-31,quantile,0.55,7.017507005785443,WNV cases
ScV_N,2025-07-31,2025-08-31,quantile,0.6,7.869789076750043,WNV cases
ScV_N,2025-07-31,2025-08-31,quantile,0.65,8.72207114771464,WNV cases
ScV_N,2025-07-31,2025-08-31,quantile,0.7,9.57435321867924,WNV cases
ScV_N,2025-07-31,2025-08-31,quantile,0.75,10.42663528964384,WNV cases
ScV_N,2025-07-31,2025-08-31,quantile,0.8,11.278917360608439,WNV cases
ScV_N,2025-07-31,2025-08-31,quantile,0.85,12.422005623100723,WNV cases
ScV_N,2025-07-31,2025-08-31,quantile,0.9,15.401258669468188,WNV cases
ScV_N,2025-07-31,2025-08-31,quantile,0.95,21.824886183652353,WNV cases
ScV_N,2025-07-31,2025-08-31,quantile,0.99,48.170733558687154,WNV cases
ScV_S,2025-07-31,2025-08-31,cdf,0,0.14093845302561075,No WNV activity
ScV_S,2025-07-31,2025-08-31,quantile,0.01,0.0,WNV cases
ScV_S,2025-07-31,2025-08-31,quantile,0.05,0.0,WNV cases
ScV_S,2025-07-31,2025-08-31,quantile,0.1,0.0,WNV cases
ScV_S,2025-07-31,2025-08-31,quantile,0.15,0.3364813169020664,WNV cases
ScV_S,2025-07-31,2025-08-31,quantile,0.2,1.4559907499908817,WNV cases
ScV_S,2025-07-31,2025-08-31,quantile,0.25,2.335806957683366,WNV cases
ScV_S,2025-07-31,2025-08-31,quantile,0.3,3.2156231653758507,WNV cases
ScV_S,2025-07-31,2025-08-31,quantile,0.35,4.095439373068336,WNV cases
ScV_S,2025-07-31,2025-08-31,quantile,0.4,4.975255580760821,WNV cases
ScV_S,2025-07-31,2025-08-31,quantile,0.45,5.855071788453305,WNV cases
ScV_S,2025-07-31,2025-08-31,quantile,0.5,6.7348879961457895,WNV cases
ScV_S,2025-07-31,2025-08-31,quantile,0.55,7.614704203838275,WNV cases
ScV_S,2025-07-31,2025-08-31,quantile,0.6,8.494520411530761,WNV cases
ScV_S,2025-07-31,2025-08-31,quantile,0.65,9.374336619223243,WNV cases
ScV_S,2025-07-31,2025-08-31,quantile,0.7,10.254152826915728,WNV cases
ScV_S,2025-07-31,2025-08-31,quantile,0.75,11.133969034608214,WNV cases
ScV_S,2025-07-31,2025-08-31,quantile,0.8,12.013785242300697,WNV cases
ScV_S,2025-07-31,2025-08-31,quantile,0.85,13.51058594588246,WNV cases
ScV_S,2025-07-31,2025-08-31,quantile,0.9,16.68242292654988,WNV cases
ScV_S,2025-07-31,2025-08-31,quantile,0.95,22.394922993000197,WNV cases
ScV_S,2025-07-31,2025-08-31,quantile,0.99,49.562171921770364,WNV cases
SnJ_N,2025-07-31,2025-08-31,cdf,0,0.12272469536867842,No WNV activity
SnJ_N,2025-07-31,2025-08-31,quantile,0.01,0.0,WNV cases
SnJ_N,2025-07-31,2025-08-31,quantile,0.05,0.0,WNV cases
SnJ_N,2025-07-31,2025-08-31,quantile,0.1,0.0,WNV cases
SnJ_N,2025-07-31,2025-08-31,quantile,0.15,0.9402393576887353,WNV cases
SnJ_N,2025-07-31,2025-08-31,quantile,0.2,1.82904159035605,WNV cases
SnJ_N,2025-07-31,2025-08-31,quantile,0.25,2.658463795897422,WNV cases
SnJ_N,2025-07-31,2025-08-31,quantile,0.3,3.4878860014387936,WNV cases
SnJ_N,2025-07-31,2025-08-31,quantile,0.35,4.317308206980166,WNV cases
SnJ_N,2025-07-31,2025-08-31,quantile,0.4,5.1467304125215385,WNV cases
SnJ_N,2025-07-31,2025-08-31,quantile,0.45,5.976152618062909,WNV cases
SnJ_N,2025-07-31,2025-08-31,quantile,0.5,6.805574823604281,WNV cases
SnJ_N,2025-07-31,2025-08-31,quantile,0.55,7.634997029145653,WNV cases
SnJ_N,2025-07-31,2025-08-31,quantile,0.6,8.464419234687027,WNV cases
SnJ_N,2025-07-31,2025-08-31,quantile,0.65,9.293841440228396,WNV cases
SnJ_N,2025-07-31,2025-08-31,quantile,0.7,10.123263645769768,WNV cases
SnJ_N,2025-07-31,2025-08-31,quantile,0.75,10.952685851311141,WNV cases
SnJ_N,2025-07-31,2025-08-31,quantile,0.8,11.782108056852511,WNV cases
SnJ_N,2025-07-31,2025-08-31,quantile,0.85,12.725747482814052,WNV cases
SnJ_N,2025-07-31,2025-08-31,quantile,0.9,15.787797043314239,WNV cases
SnJ_N,2025-07-31,2025-08-31,quantile,0.95,22.281845066285594,WNV cases
SnJ_N,2025-07-31,2025-08-31,quantile,0.99,48.67564403388862,WNV cases
SnJ_S,2025-07-31,2025-08-31,cdf,0,0.08081519435255405,No WNV activity
SnJ_S,2025-07-31,2025-08-31,quantile,0.01,0.0,WNV cases
SnJ_S,2025-07-31,2025-08-31,quantile,0.05,0.0,WNV cases
SnJ_S,2025-07-31,2025-08-31,quantile,0.1,2.005262847728019,WNV cases
SnJ_S,2025-07-31,2025-08-31,quantile,0.15,4.421292149670974,WNV cases
SnJ_S,2025-07-31,2025-08-31,quantile,0.2,5.728458006606133,WNV cases
SnJ_S,2025-07-31,2025-08-31,quantile,0.25,6.673354438667249,WNV cases
SnJ_S,2025-07-31,2025-08-31,quantile,0.3,7.618250870728364,WNV cases
SnJ_S,2025-07-31,2025-08-31,quantile,0.35,8.56314730278948,WNV cases
SnJ_S,2025-07-31,2025-08-31,quantile,0.4,9.508043734850595,WNV cases
SnJ_S,2025-07-31,2025-08-31,quantile,0.45,10.45294016691171,WNV cases
SnJ_S,2025-07-31,2025-08-31,quantile,0.5,11.397836598972827,WNV cases
SnJ_S,2025-07-31,2025-08-31,quantile,0.55,12.342733031033942,WNV cases
SnJ_S,2025-07-31,2025-08-31,quantile,0.6,13.28762946309506,WNV cases
SnJ_S,2025-07-31,2025-08-31,quantile,0.65,14.232525895156174,WNV cases
SnJ_S,2025-07-31,2025-08-31,quantile,0.7,15.17742232721729,WNV cases
SnJ_S,2025-07-31,2025-08-31,quantile,0.75,16.122318759278407,WNV cases
SnJ_S,2025-07-31,2025-08-31,quantile,0.8,17.06721519133952,WNV cases
SnJ_S,2025-07-31,2025-08-31,quantile,0.85,18.515699134650543,WNV cases
SnJ_S,2025-07-31,2025-08-31,quantile,0.9,21.279430382848847,WNV cases
SnJ_S,2025-07-31,2025-08-31,quantile,0.95,27.380865299672394,WNV cases
SnJ_S,2025-07-31,2025-08-31,quantile,0.99,55.071270137717214,WNV cases
Cal_S,2025-07-31,2025-09-30,cdf,0,0.09172318126594002,No WNV activity
Cal_S,2025-07-31,2025-09-30,quantile,0.01,0.0,WNV cases
Cal_S,2025-07-31,2025-09-30,quantile,0.05,0.0,WNV cases
Cal_S,2025-07-31,2025-09-30,quantile,0.1,0.5640467734565231,WNV cases
Cal_S,2025-07-31,2025-09-30,quantile,0.15,2.7095764445245005,WNV cases
Cal_S,2025-07-31,2025-09-30,quantile,0.2,3.5167335447212116,WNV cases
Cal_S,2025-07-31,2025-09-30,quantile,0.25,4.323890644917922,WNV cases
Cal_S,2025-07-31,2025-09-30,quantile,0.3,5.131047745114634,WNV cases
Cal_S,2025-07-31,2025-09-30,quantile,0.35,5.938204845311345,WNV cases
Cal_S,2025-07-31,2025-09-30,quantile,0.4,6.745361945508056,WNV cases
Cal_S,2025-07-31,2025-09-30,quantile,0.45,7.5525190457047655,WNV cases
Cal_S,2025-07-31,2025-09-30,quantile,0.5,8.359676145901478,WNV cases
Cal_S,2025-07-31,2025-09-30,quantile,0.55,9.16683324609819,WNV cases
Cal_S,2025-07-31,2025-09-30,quantile,0.6,9.973990346294901,WNV cases
Cal_S,2025-07-31,2025-09-30,quantile,0.65,10.78114744649161,WNV cases
Cal_S,2025-07-31,2025-09-30,quantile,0.7,11.588304546688322,WNV cases
Cal_S,2025-07-31,2025-09-30,quantile,0.75,12.395461646885034,WNV cases
Cal_S,2025-07-31,2025-09-30,quantile,0.8,13.202618747081743,WNV cases
Cal_S,2025-07-31,2025-09-30,quantile,0.85,14.009775847278455,WNV cases
Cal_S,2025-07-31,2025-09-30,quantile,0.9,16.5040589393007,WNV cases
Cal_S,2025-07-31,2025-09-30,quantile,0.95,22.851054508739384,WNV cases
Cal_S,2025-07-31,2025-09-30,quantile,0.99,45.34322330293468,WNV cases
LAO_G,2025-07-31,2025-09-30,cdf,0,0.06626488724764334,No WNV activity
LAO_G,2025-07-31,2025-09-30,quantile,0.01,0.0,WNV cases
LAO_G,2025-07-31,2025-09-30,quantile,0.05,0.0,WNV cases
LAO_G,2025-07-31,2025-09-30,quantile,0.1,3.8898837164544577,WNV cases
LAO_G,2025-07-31,2025-09-30,quantile,0.15,6.605978456089606,WNV cases
LAO_G,2025-07-31,2025-09-30,quantile,0.2,7.576402719523509,WNV cases
LAO_G,2025-07-31,2025-09-30,quantile,0.25,8.519896094832259,WNV cases
LAO_G,2025-07-31,2025-09-30,quantile,0.3,9.463389470141008,WNV cases
LAO_G,2025-07-31,2025-09-30,quantile,0.35,10.406882845449758,WNV cases
LAO_G,2025-07-31,2025-09-30,quantile,0.4,11.350376220758509,WNV cases
LAO_G,2025-07-31,2025-09-30,quantile,0.45,12.293869596067257,WNV cases
LAO_G,2025-07-31,2025-09-30,quantile,0.5,13.237362971376006,WNV cases
LAO_G,2025-07-31,2025-09-30,quantile,0.55,14.180856346684756,WNV cases
LAO_G,2025-07-31,2025-09-30,quantile,0.6,15.124349721993507,WNV cases
LAO_G,2025-07-31,2025-09-30,quantile,0.65,16.067843097302255,WNV cases
LAO_G,2025-07-31,2025-09-30,quantile,0.7,17.011336472611003,WNV cases
LAO_G,2025-07-31,2025-09-30,quantile,0.75,17.954829847919754,WNV cases
LAO_G,2025-07-31,2025-09-30,quantile,0.8,18.898323223228502,WNV cases
LAO_G,2025-07-31,2025-09-30,quantile,0.85,19.874661559109484,WNV cases
LAO_G,2025-07-31,2025-09-30,quantile,0.9,22.83885907508729,WNV cases
LAO_G,2025-07-31,2025-09-30,quantile,0.95,29.263372413896295,WNV cases
LAO_G,2025-07-31,2025-09-30,quantile,0.99,52.85744030751652,WNV cases
ScV_N,2025-07-31,2025-09-30,cdf,0,0.13723998803172038,No WNV activity
ScV_N,2025-07-31,2025-09-30,quantile,0.01,0.0,WNV cases
ScV_N,2025-07-31,2025-09-30,quantile,0.05,0.0,WNV cases
ScV_N,2025-07-31,2025-09-30,quantile,0.1,0.0,WNV cases
ScV_N,2025-07-31,2025-09-30,quantile,0.15,0.18257878605748723,WNV cases
ScV_N,2025-07-31,2025-09-30,quantile,0.2,0.8980122296599053,WNV cases
ScV_N,2025-07-31,2025-09-30,quantile,0.25,1.6134456732623232,WNV cases
ScV_N,2025-07-31,2025-09-30,quantile,0.3,2.328879116864741,WNV cases
ScV_N,2025-07-31,2025-09-30,quantile,0.35,3.04431256046716,WNV cases
ScV_N,2025-07-31,2025-09-30,quantile,0.4,3.7597460040695783,WNV cases
ScV_N,2025-07-31,2025-09-30,quantile,0.45,4.475179447671995,WNV cases
ScV_N,2025-07-31,2025-09-30,quantile,0.5,5.190612891274414,WNV cases
ScV_N,2025-07-31,2025-09-30,quantile,0.55,5.906046334876833,WNV cases
ScV_N,2025-07-31,2025-09-30,quantile,0.6,6.621479778479252,WNV cases
ScV_N,2025-07-31,2025-09-30,quantile,0.65,7.336913222081668,WNV cases
ScV_N,2025-07-31,2025-09-30,quantile,0.7,8.052346665684087,WNV cases
ScV_N,2025-07-31,2025-09-30,quantile,0.75,8.767780109286505,WNV cases
ScV_N,2025-07-31,2025-09-30,quantile,0.8,9.483213552888923,WNV cases
ScV_N,2025-07-31,2025-09-30,quantile,0.85,10.198646996491341,WNV cases
ScV_N,2025-07-31,2025-09-30,quantile,0.9,10.9223804859377,WNV cases
ScV_N,2025-07-31,2025-09-30,quantile,0.95,16.23869166519463,WNV cases
ScV_N,2025-07-31,2025-09-30,quantile,0.99,40.37531392894424,WNV cases
ScV_S,2025-07-31,2025-09-30,cdf,0,0.1722161928861396,No WNV activity
ScV_S,2025-07-31,2025-09-30,quantile,0.01,0.0,WNV cases
ScV_S,2025-07-31,2025-09-30,quantile,0.05,0.0,WNV cases
ScV_S,2025-07-31,2025-09-30,quantile,0.1,0.0,WNV cases
ScV_S,2025-07-31,2025-09-30,quantile,0.15,0.0,WNV cases
ScV_S,2025-07-31,2025-09-30,quantile,0.2,0.4596437065899419,WNV cases
ScV_S,2025-07-31,2025-09-30,quantile,0.25,1.2868228341772487,WNV cases
ScV_S,2025-07-31,2025-09-30,quantile,0.3,2.114001961764555,WNV cases
ScV_S,2025-07-31,2025-09-30,quantile,0.35,2.9411810893518626,WNV cases
ScV_S,2025-07-31,2025-09-30,quantile,0.4,3.7683602169391706,WNV cases
ScV_S,2025-07-31,2025-09-30,quantile,0.45,4.595539344526475,WNV cases
ScV_S,2025-07-31,2025-09-30,quantile,0.5,5.422718472113783,WNV cases
ScV_S,2025-07-31,2025-09-30,quantile,0.55,6.24989759970109,WNV cases
ScV_S,2025-07-31,2025-09-30,quantile,0.6,7.077076727288398,WNV cases
ScV_S,2025-07-31,2025-09-30,quantile,0.65,7.904255854875704,WNV cases
ScV_S,2025-07-31,2025-09-30,quantile,0.7,8.73143498246301,WNV cases
ScV_S,2025-07-31,2025-09-30,quantile,0.75,9.558614110050318,WNV cases
ScV_S,2025-07-31,2025-09-30,quantile,0.8,10.385793237637623,WNV cases
ScV_S,2025-07-31,2025-09-30,quantile,0.85,11.212972365224932,WNV cases
ScV_S,2025-07-31,2025-09-30,quantile,0.9,13.97978990705513,WNV cases
ScV_S,2025-07-31,2025-09-30,quantile,0.95,20.628904983338565,WNV cases
ScV_S,2025-07-31,2025-09-30,quantile,0.99,44.41456957657474,WNV cases
SnJ_N,2025-07-31,2025-09-30,cdf,0,0.1316137758771683,No WNV activity
SnJ_N,2025-07-31,2025-09-30,quantile,0.01,0.0,WNV cases
SnJ_N,2025-07-31,2025-09-30,quantile,0.05,0.0,WNV cases
SnJ_N,2025-07-31,2025-09-30,quantile,0.1,0.0,WNV cases
SnJ_N,2025-07-31,2025-09-30,quantile,0.15,0.5794996052651353,WNV cases
SnJ_N,2025-07-31,2025-09-30,quantile,0.2,1.39385150863263,WNV cases
SnJ_N,2025-07-31,2025-09-30,quantile,0.25,2.208203412000125,WNV cases
SnJ_N,2025-07-31,2025-09-30,quantile,0.3,3.022555315367619,WNV cases
SnJ_N,2025-07-31,2025-09-30,quantile,0.35,3.8369072187351136,WNV cases
SnJ_N,2025-07-31,2025-09-30,quantile,0.4,4.6512591221026085,WNV cases
SnJ_N,2025-07-31,2025-09-30,quantile,0.45,5.465611025470102,WNV cases
SnJ_N,2025-07-31,2025-09-30,quantile,0.5,6.279962928837596,WNV cases
SnJ_N,2025-07-31,2025-09-30,quantile,0.55,7.094314832205091,WNV cases
SnJ_N,2025-07-31,2025-09-30,quantile,0.6,7.908666735572586,WNV cases
SnJ_N,2025-07-31,2025-09-30,quantile,0.65,8.72301863894008,WNV cases
SnJ_N,2025-07-31,2025-09-30,quantile,0.7,9.537370542307574,WNV cases
SnJ_N,2025-07-31,2025-09-30,quantile,0.75,10.351722445675069,WNV cases
SnJ_N,2025-07-31,2025-09-30,quantile,0.8,11.166074349042564,WNV cases
SnJ_N,2025-07-31,2025-09-30,quantile,0.85,11.980426252410059,WNV cases
SnJ_N,2025-07-31,2025-09-30,quantile,0.9,14.203431634546583,WNV cases
SnJ_N,2025-07-31,2025-09-30,quantile,0.95,20.951309834593907,WNV cases
SnJ_N,2025-07-31,2025-09-30,quantile,0.99,46.23884247821801,WNV cases
SnJ_S,2025-07-31,2025-09-30,cdf,0,0.1200935040853916,No WNV activity
SnJ_S,2025-07-31,2025-09-30,quantile,0.01,0.0,WNV cases
SnJ_S,2025-07-31,2025-09-30,quantile,0.05,0.0,WNV cases
SnJ_S,2025-07-31,2025-09-30,quantile,0.1,0.0,WNV cases
SnJ_S,2025-07-31,2025-09-30,quantile,0.15,1.17038914387855,WNV cases
SnJ_S,2025-07-31,2025-09-30,quantile,0.2,2.2893759791287716,WNV cases
SnJ_S,2025-07-31,2025-09-30,quantile,0.25,3.1849528956504027,WNV cases
SnJ_S,2025-07-31,2025-09-30,quantile,0.3,4.080529812172033,WNV cases
SnJ_S,2025-07-31,2025-09-30,quantile,0.35,4.976106728693665,WNV cases
SnJ_S,2025-07-31,2025-09-30,quantile,0.4,5.871683645215296,WNV cases
SnJ_S,2025-07-31,2025-09-30,quantile,0.45,6.767260561736926,WNV cases
SnJ_S,2025-07-31,2025-09-30,quantile,0.5,7.662837478258557,WNV cases
SnJ_S,2025-07-31,2025-09-30,quantile,0.55,8.558414394780188,WNV cases
SnJ_S,2025-07-31,2025-09-30,quantile,0.6,9.45399131130182,WNV cases
SnJ_S,2025-07-31,2025-09-30,quantile,0.65,10.34956822782345,WNV cases
SnJ_S,2025-07-31,2025-09-30,quantile,0.7,11.24514514434508,WNV cases
SnJ_S,2025-07-31,2025-09-30,quantile,0.75,12.140722060866711,WNV cases
SnJ_S,2025-07-31,2025-09-30,quantile,0.8,13.036298977388341,WNV cases
SnJ_S,2025-07-31,2025-09-30,quantile,0.85,14.351887457141917,WNV cases
SnJ_S,2025-07-31,2025-09-30,quantile,0.9,17.466598584529308,WNV cases
SnJ_S,2025-07-31,2025-09-30,quantile,0.95,23.537968139071133,WNV cases
SnJ_S,2025-07-31,2025-09-30,quantile,0.99,49.209457909356196,WNV cases
Cal_S,2025-07-31,2025-10-31,cdf,0,0.2771236975343401,No WNV activity
Cal_S,2025-07-31,2025-10-31,quantile,0.01,0.0,WNV cases
Cal_S,2025-07-31,2025-10-31,quantile,0.05,0.0,WNV cases
Cal_S,2025-07-31,2025-10-31,quantile,0.1,0.0,WNV cases
Cal_S,2025-07-31,2025-10-31,quantile,0.15,0.0,WNV cases
Cal_S,2025-07-31,2025-10-31,quantile,0.2,0.0,WNV cases
Cal_S,2025-07-31,2025-10-31,quantile,0.25,0.0,WNV cases
Cal_S,2025-07-31,2025-10-31,quantile,0.3,0.3875000051565505,WNV cases
Cal_S,2025-07-31,2025-10-31,quantile,0.35,1.2344463281871922,WNV cases
Cal_S,2025-07-31,2025-10-31,quantile,0.4,2.081392651217833,WNV cases
Cal_S,2025-07-31,2025-10-31,quantile,0.45,2.9283389742484736,WNV cases
Cal_S,2025-07-31,2025-10-31,quantile,0.5,3.7752852972791153,WNV cases
Cal_S,2025-07-31,2025-10-31,quantile,0.55,4.6222316203097575,WNV cases
Cal_S,2025-07-31,2025-10-31,quantile,0.6,5.469177943340399,WNV cases
Cal_S,2025-07-31,2025-10-31,quantile,0.65,6.316124266371039,WNV cases
Cal_S,2025-07-31,2025-10-31,quantile,0.7,7.163070589401681,WNV cases
Cal_S,2025-07-31,2025-10-31,quantile,0.75,8.010016912432322,WNV cases
Cal_S,2025-07-31,2025-10-31,quantile,0.8,8.856963235462963,WNV cases
Cal_S,2025-07-31,2025-10-31,quantile,0.85,9.703909558493603,WNV cases
Cal_S,2025-07-31,2025-10-31,quantile,0.9,12.186210539680147,WNV cases
Cal_S,2025-07-31,2025-10-31,quantile,0.95,18.06956296718617,WNV cases
Cal_S,2025-07-31,2025-10-31,quantile,0.99,41.72322677994963,WNV cases
LAO_G,2025-07-31,2025-10-31,cdf,0,0.09348894379021605,No WNV activity
LAO_G,2025-07-31,2025-10-31,quantile,0.01,0.0,WNV cases
LAO_G,2025-07-31,2025-10-31,quantile,0.05,0.0,WNV cases
LAO_G,2025-07-31,2025-10-31,quantile,0.1,0.5749788925895407,WNV cases
LAO_G,2025-07-31,2025-10-31,quantile,0.15,2.4573401805479,WNV cases
LAO_G,2025-07-31,2025-10-31,quantile,0.2,3.386446060117156,WNV cases
LAO_G,2025-07-31,2025-10-31,quantile,0.25,4.3155519396864115,WNV cases
LAO_G,2025-07-31,2025-10-31,quantile,0.3,5.244657819255666,WNV cases
LAO_G,2025-07-31,2025-10-31,quantile,0.35,6.1737636988249225,WNV cases
LAO_G,2025-07-31,2025-10-31,quantile,0.4,7.102869578394178,WNV cases
LAO_G,2025-07-31,2025-10-31,quantile,0.45,8.031975457963432,WNV cases
LAO_G,2025-07-31,2025-10-31,quantile,0.5,8.961081337532688,WNV cases
LAO_G,2025-07-31,2025-10-31,quantile,0.55,9.890187217101944,WNV cases
LAO_G,2025-07-31,2025-10-31,quantile,0.6,10.819293096671199,WNV cases
LAO_G,2025-07-31,2025-10-31,quantile,0.65,11.748398976240454,WNV cases
LAO_G,2025-07-31,2025-10-31,quantile,0.7,12.67750485580971,WNV cases
LAO_G,2025-07-31,2025-10-31,quantile,0.75,13.606610735378965,WNV cases
LAO_G,2025-07-31,2025-10-31,quantile,0.8,14.53571661494822,WNV cases
LAO_G,2025-07-31,2025-10-31,quantile,0.85,15.464822494517474,WNV cases
LAO_G,2025-07-31,2025-10-31,quantile,0.9,18.373434112824864,WNV cases
LAO_G,2025-07-31,2025-10-31,quantile,0.95,25.086456416335643,WNV cases
LAO_G,2025-07-31,2025-10-31,quantile,0.99,45.240011321820255,WNV cases
ScV_N,2025-07-31,2025-10-31,cdf,0,0.30766731568939787,No WNV activity
ScV_N,2025-07-31,2025-10-31,quantile,0.01,0.0,WNV cases
ScV_N,2025-07-31,2025-10-31,quantile,0.05,0.0,WNV cases
ScV_N,2025-07-31,2025-10-31,quantile,0.1,0.0,WNV cases
ScV_N,2025-07-31,2025-10-31,quantile,0.15,0.0,WNV cases
ScV_N,2025-07-31,2025-10-31,quantile,0.2,0.0,WNV cases
ScV_N,2025-07-31,2025-10-31,quantile,0.25,0.0,WNV cases
ScV_N,2025-07-31,2025-10-31,quantile,0.3,0.0,WNV cases
ScV_N,2025-07-31,2025-10-31,quantile,0.35,0.6232121557605121,WNV cases
ScV_N,2025-07-31,2025-10-31,quantile,0.4,1.3593007902396033,WNV cases
ScV_N,2025-07-31,2025-10-31,quantile,0.45,2.0953894247186917,WNV cases
ScV_N,2025-07-31,2025-10-31,quantile,0.5,2.8314780591977824,WNV cases
ScV_N,2025-07-31,2025-10-31,quantile,0.55,3.5675666936768726,WNV cases
ScV_N,2025-07-31,2025-10-31,quantile,0.6,4.303655328155964,WNV cases
ScV_N,2025-07-31,2025-10-31,quantile,0.65,5.039743962635052,WNV cases
ScV_N,2025-07-31,2025-10-31,quantile,0.7,5.775832597114142,WNV cases
ScV_N,2025-07-31,2025-10-31,quantile,0.75,6.511921231593233,WNV cases
ScV_N,2025-07-31,2025-10-31,quantile,0.8,7.248009866072322,WNV cases
ScV_N,2025-07-31,2025-10-31,quantile,0.85,7.984098500551413,WNV cases
ScV_N,2025-07-31,2025-10-31,quantile,0.9,8.720187135030503,WNV cases
ScV_N,2025-07-31,2025-10-31,quantile,0.95,13.76549225893595,WNV cases
ScV_N,2025-07-31,2025-10-31,quantile,0.99,37.12201926662536,WNV cases
ScV_S,2025-07-31,2025-10-31,cdf,0,0.2844456710749333,No WNV activity
ScV_S,2025-07-31,2025-10-31,quantile,0.01,0.0,WNV cases
ScV_S,2025-07-31,2025-10-31,quantile,0.05,0.0,WNV cases
ScV_S,2025-07-31,2025-10-31,quantile,0.1,0.0,WNV cases
ScV_S,2025-07-31,2025-10-31,quantile,0.15,0.0,WNV cases
ScV_S,2025-07-31,2025-10-31,quantile,0.2,0.0,WNV cases
ScV_S,2025-07-31,2025-10-31,quantile,0.25,0.0,WNV cases
ScV_S,2025-07-31,2025-10-31,quantile,0.3,0.24677556943385381,WNV cases
ScV_S,2025-07-31,2025-10-31,quantile,0.35,1.0400453100401474,WNV cases
ScV_S,2025-07-31,2025-10-31,quantile,0.4,1.833315050646441,WNV cases
ScV_S,2025-07-31,2025-10-31,quantile,0.45,2.6265847912527334,WNV cases
ScV_S,2025-07-31,2025-10-31,quantile,0.5,3.419854531859026,WNV cases
ScV_S,2025-07-31,2025-10-31,quantile,0.55,4.21312427246532,WNV cases
ScV_S,2025-07-31,2025-10-31,quantile,0.6,5.006394013071613,WNV cases
ScV_S,2025-07-31,2025-10-31,quantile,0.65,5.799663753677906,WNV cases
ScV_S,2025-07-31,2025-10-31,quantile,0.7,6.5929334942842,WNV cases
ScV_S,2025-07-31,2025-10-31,quantile,0.75,7.386203234890493,WNV cases
ScV_S,2025-07-31,2025-10-31,quantile,0.8,8.179472975496786,WNV cases
ScV_S,2025-07-31,2025-10-31,quantile,0.85,8.972742716103077,WNV cases
ScV_S,2025-07-31,2025-10-31,quantile,0.9,10.49978301820754,WNV cases
ScV_S,2025-07-31,2025-10-31,quantile,0.95,16.202820140720778,WNV cases
ScV_S,2025-07-31,2025-10-31,quantile,0.99,39.51935351819741,WNV cases
SnJ_N,2025-07-31,2025-10-31,cdf,0,0.29082568202995196,No WNV activity
SnJ_N,2025-07-31,2025-10-31,quantile,0.01,0.0,WNV cases
SnJ_N,2025-07-31,2025-10-31,quantile,0.05,0.0,WNV cases
SnJ_N,2025-07-31,2025-10-31,quantile,0.1,0.0,WNV cases
SnJ_N,2025-07-31,2025-10-31,quantile,0.15,0.0,WNV cases
SnJ_N,2025-07-31,2025-10-31,quantile,0.2,0.0,WNV cases
SnJ_N,2025-07-31,2025-10-31,quantile,0.25,0.0,WNV cases
SnJ_N,2025-07-31,2025-10-31,quantile,0.3,0.1488575252569042,WNV cases
SnJ_N,2025-07-31,2025-10-31,quantile,0.35,0.9601305034929335,WNV cases
SnJ_N,2025-07-31,2025-10-31,quantile,0.4,1.7714034817289628,WNV cases
SnJ_N,2025-07-31,2025-10-31,quantile,0.45,2.5826764599649907,WNV cases
SnJ_N,2025-07-31,2025-10-31,quantile,0.5,3.3939494382010196,WNV cases
SnJ_N,2025-07-31,2025-10-31,quantile,0.55,4.205222416437049,WNV cases
SnJ_N,2025-07-31,2025-10-31,quantile,0.6,5.016495394673078,WNV cases
SnJ_N,2025-07-31,2025-10-31,quantile,0.65,5.827768372909106,WNV cases
SnJ_N,2025-07-31,2025-10-31,quantile,0.7,6.639041351145135,WNV cases
SnJ_N,2025-07-31,2025-10-31,quantile,0.75,7.450314329381165,WNV cases
SnJ_N,2025-07-31,2025-10-31,quantile,0.8,8.261587307617193,WNV cases
SnJ_N,2025-07-31,2025-10-31,quantile,0.85,9.07286028585322,WNV cases
SnJ_N,2025-07-31,2025-10-31,quantile,0.9,11.582154178479573,WNV cases
SnJ_N,2025-07-31,2025-10-31,quantile,0.95,17.641059925722644,WNV cases
SnJ_N,2025-07-31,2025-10-31,quantile,0.99,42.5259579295423,WNV cases
SnJ_S,2025-07-31,2025-10-31,cdf,0,0.2274049581170916,No WNV activity
SnJ_S,2025-07-31,2025-10-31,quantile,0.01,0.0,WNV cases
SnJ_S,2025-07-31,2025-10-31,quantile,0.05,0.0,WNV cases
SnJ_S,2025-07-31,2025-10-31,quantile,0.1,0.0,WNV cases
SnJ_S,2025-07-31,2025-10-31,quantile,0.15,0.0,WNV cases
SnJ_S,2025-07-31,2025-10-31,quantile,0.2,0.0,WNV cases
SnJ_S,2025-07-31,2025-10-31,quantile,0.25,0.3792706421111409,WNV cases
SnJ_S,2025-07-31,2025-10-31,quantile,0.3,1.2185491087689786,WNV cases
SnJ_S,2025-07-31,2025-10-31,quantile,0.35,2.0578275754268174,WNV cases
SnJ_S,2025-07-31,2025-10-31,quantile,0.4,2.897106042084656,WNV cases
SnJ_S,2025-07-31,2025-10-31,quantile,0.45,3.736384508742493,WNV cases
SnJ_S,2025-07-31,2025-10-31,quantile,0.5,4.575662975400332,WNV cases
SnJ_S,2025-07-31,2025-10-31,quantile,0.55,5.414941442058171,WNV cases
SnJ_S,2025-07-31,2025-10-31,quantile,0.6,6.25421990871601,WNV cases
SnJ_S,2025-07-31,2025-10-31,quantile,0.65,7.093498375373847,WNV cases
SnJ_S,2025-07-31,2025-10-31,quantile,0.7,7.932776842031686,WNV cases
SnJ_S,2025-07-31,2025-10-31,quantile,0.75,8.772055308689524,WNV cases
SnJ_S,2025-07-31,2025-10-31,quantile,0.8,9.611333775347362,WNV cases
SnJ_S,2025-07-31,2025-10-31,quantile,0.85,10.4506122420052,WNV cases
SnJ_S,2025-07-31,2025-10-31,quantile,0.9,12.894377007993814,WNV cases
SnJ_S,2025-07-31,2025-10-31,quantile,0.95,18.96770471647671,WNV cases
SnJ_S,2025-07-31,2025-10-31,quantile,0.99,44.2976732363274,WNV cases
Cal_S,2025-07-31,2025-11-30,cdf,0,0.3233852645415447,No WNV activity
Cal_S,2025-07-31,2025-11-30,quantile,0.01,0.0,WNV cases
Cal_S,2025-07-31,2025-11-30,quantile,0.05,0.0,WNV cases
Cal_S,2025-07-31,2025-11-30,quantile,0.1,0.0,WNV cases
Cal_S,2025-07-31,2025-11-30,quantile,0.15,0.0,WNV cases
Cal_S,2025-07-31,2025-11-30,quantile,0.2,0.0,WNV cases
Cal_S,2025-07-31,2025-11-30,quantile,0.25,0.0,WNV cases
Cal_S,2025-07-31,2025-11-30,quantile,0.3,0.0,WNV cases
Cal_S,2025-07-31,2025-11-30,quantile,0.35,0.442329095876246,WNV cases
Cal_S,2025-07-31,2025-11-30,quantile,0.4,1.2733144283562652,WNV cases
Cal_S,2025-07-31,2025-11-30,quantile,0.45,2.104299760836283,WNV cases
Cal_S,2025-07-31,2025-11-30,quantile,0.5,2.9352850933163013,WNV cases
Cal_S,2025-07-31,2025-11-30,quantile,0.55,3.7662704257963204,WNV cases
Cal_S,2025-07-31,2025-11-30,quantile,0.6,4.59725575827634,WNV cases
Cal_S,2025-07-31,2025-11-30,quantile,0.65,5.428241090756357,WNV cases
Cal_S,2025-07-31,2025-11-30,quantile,0.7,6.259226423236376,WNV cases
Cal_S,2025-07-31,2025-11-30,quantile,0.75,7.090211755716394,WNV cases
Cal_S,2025-07-31,2025-11-30,quantile,0.8,7.921197088196413,WNV cases
Cal_S,2025-07-31,2025-11-30,quantile,0.85,8.752182420676432,WNV cases
Cal_S,2025-07-31,2025-11-30,quantile,0.9,11.422064997232779,WNV cases
Cal_S,2025-07-31,2025-11-30,quantile,0.95,17.248891423883332,WNV cases
Cal_S,2025-07-31,2025-11-30,quantile,0.99,41.09866325061952,WNV cases
LAO_G,2025-07-31,2025-11-30,cdf,0,0.15538661594795738,No WNV activity
LAO_G,2025-07-31,2025-11-30,quantile,0.01,0.0,WNV cases
LAO_G,2025-07-31,2025-11-30,quantile,0.05,0.0,WNV cases
LAO_G,2025-07-31,2025-11-30,quantile,0.1,0.0,WNV cases
LAO_G,2025-07-31,2025-11-30,quantile,0.15,0.0,WNV cases
LAO_G,2025-07-31,2025-11-30,quantile,0.2,0.8096246891963468,WNV cases
LAO_G,2025-07-31,2025-11-30,quantile,0.25,1.7170033900049417,WNV cases
LAO_G,2025-07-31,2025-11-30,quantile,0.3,2.6243820908135365,WNV cases
LAO_G,2025-07-31,2025-11-30,quantile,0.35,3.5317607916221316,WNV cases
LAO_G,2025-07-31,2025-11-30,quantile,0.4,4.439139492430727,WNV cases
LAO_G,2025-07-31,2025-11-30,quantile,0.45,5.346518193239321,WNV cases
LAO_G,2025-07-31,2025-11-30,quantile,0.5,6.253896894047916,WNV cases
LAO_G,2025-07-31,2025-11-30,quantile,0.55,7.161275594856511,WNV cases
LAO_G,2025-07-31,2025-11-30,quantile,0.6,8.068654295665107,WNV cases
LAO_G,2025-07-31,2025-11-30,quantile,0.65,8.9760329964737,WNV cases
LAO_G,2025-07-31,2025-11-30,quantile,0.7,9.883411697282297,WNV cases
LAO_G,2025-07-31,2025-11-30,quantile,0.75,10.790790398090891,WNV cases
LAO_G,2025-07-31,2025-11-30,quantile,0.8,11.698169098899484,WNV cases
LAO_G,2025-07-31,2025-11-30,quantile,0.85,12.60554779970808,WNV cases
LAO_G,2025-07-31,2025-11-30,quantile,0.9,15.332570464223798,WNV cases
LAO_G,2025-07-31,2025-11-30,quantile,0.95,21.561272957740997,WNV cases
LAO_G,2025-07-31,2025-11-30,quantile,0.99,41.54219473773445,WNV cases
ScV_N,2025-07-31,2025-11-30,cdf,0,0.35011425751726977,No WNV activity
ScV_N,2025-07-31,2025-11-30,quantile,0.01,0.0,WNV cases
ScV_N,2025-07-31,2025-11-30,quantile,0.05,0.0,WNV cases
ScV_N,2025-07-31,2025-11-30,quantile,0.1,0.0,WNV cases
ScV_N,2025-07-31,2025-11-30,quantile,0.15,0.0,WNV cases
ScV_N,2025-07-31,2025-11-30,quantile,0.2,0.0,WNV cases
ScV_N,2025-07-31,2025-11-30,quantile,0.25,0.0,WNV cases
ScV_N,2025-07-31,2025-11-30,quantile,0.3,0.0,WNV cases
ScV_N,2025-07-31,2025-11-30,quantile,0.35,0.0,WNV cases
ScV_N,2025-07-31,2025-11-30,quantile,0.4,0.7298598409825097,WNV cases
ScV_N,2025-07-31,2025-11-30,quantile,0.45,1.4613913414259203,WNV cases
ScV_N,2025-07-31,2025-11-30,quantile,0.5,2.192922841869334,WNV cases
ScV_N,2025-07-31,2025-11-30,quantile,0.55,2.924454342312747,WNV cases
ScV_N,2025-07-31,2025-11-30,quantile,0.6,3.6559858427561593,WNV cases
ScV_N,2025-07-31,2025-11-30,quantile,0.65,4.387517343199571,WNV cases
ScV_N,2025-07-31,2025-11-30,quantile,0.7,5.119048843642983,WNV cases
ScV_N,2025-07-31,2025-11-30,quantile,0.75,5.850580344086396,WNV cases
ScV_N,2025-07-31,2025-11-30,quantile,0.8,6.582111844529807,WNV cases
ScV_N,2025-07-31,2025-11-30,quantile,0.85,7.3136433449732206,WNV cases
ScV_N,2025-07-31,2025-11-30,quantile,0.9,8.045174845416634,WNV cases
ScV_N,2025-07-31,2025-11-30,quantile,0.95,12.123451317212833,WNV cases
ScV_N,2025-07-31,2025-11-30,quantile,0.99,35.49373400322668,WNV cases
ScV_S,2025-07-31,2025-11-30,cdf,0,0.3420022611916267,No WNV activity
ScV_S,2025-07-31,2025-11-30,quantile,0.01,0.0,WNV cases
ScV_S,2025-07-31,2025-11-30,quantile,0.05,0.0,WNV cases
ScV_S,2025-07-31,2025-11-30,quantile,0.1,0.0,WNV cases
ScV_S,2025-07-31,2025-11-30,quantile,0.15,0.0,WNV cases
ScV_S,2025-07-31,2025-11-30,quantile,0.2,0.0,WNV cases
ScV_S,2025-07-31,2025-11-30,quantile,0.25,0.0,WNV cases
ScV_S,2025-07-31,2025-11-30,quantile,0.3,0.0,WNV cases
ScV_S,2025-07-31,2025-11-30,quantile,0.35,0.11888368451326681,WNV cases
ScV_S,2025-07-31,2025-11-30,quantile,0.4,0.862116786779612,WNV cases
ScV_S,2025-07-31,2025-11-30,quantile,0.45,1.6053498890459559,WNV cases
ScV_S,2025-07-31,2025-11-30,quantile,0.5,2.348582991312301,WNV cases
ScV_S,2025-07-31,2025-11-30,quantile,0.55,3.0918160935786463,WNV cases
ScV_S,2025-07-31,2025-11-30,quantile,0.6,3.8350491958449915,WNV cases
ScV_S,2025-07-31,2025-11-30,quantile,0.65,4.578282298111335,WNV cases
ScV_S,2025-07-31,2025-11-30,quantile,0.7,5.321515400377681,WNV cases
ScV_S,2025-07-31,2025-11-30,quantile,0.75,6.064748502644026,WNV cases
ScV_S,2025-07-31,2025-11-30,quantile,0.8,6.8079816049103705,WNV cases
ScV_S,2025-07-31,2025-11-30,quantile,0.85,7.551214707176715,WNV cases
ScV_S,2025-07-31,2025-11-30,quantile,0.9,8.29444780944306,WNV cases
ScV_S,2025-07-31,2025-11-30,quantile,0.95,13.438847249033879,WNV cases
ScV_S,2025-07-31,2025-11-30,quantile,0.99,36.71841949629123,WNV cases
SnJ_N,2025-07-31,2025-11-30,cdf,0,0.33739121233085634,No WNV activity
SnJ_N,2025-07-31,2025-11-30,quantile,0.01,0.0,WNV cases
SnJ_N,2025-07-31,2025-11-30,quantile,0.05,0.0,WNV cases
SnJ_N,2025-07-31,2025-11-30,quantile,0.1,0.0,WNV cases
SnJ_N,2025-07-31,2025-11-30,quantile,0.15,0.0,WNV cases
SnJ_N,2025-07-31,2025-11-30,quantile,0.2,0.0,WNV cases
SnJ_N,2025-07-31,2025-11-30,quantile,0.25,0.0,WNV cases
SnJ_N,2025-07-31,2025-11-30,quantile,0.3,0.0,WNV cases
SnJ_N,2025-07-31,2025-11-30,quantile,0.35,0.19935513444160868,WNV cases
SnJ_N,2025-07-31,2025-11-30,quantile,0.4,0.9898955879440141,WNV cases
SnJ_N,2025-07-31,2025-11-30,quantile,0.45,1.7804360414464178,WNV cases
SnJ_N,2025-07-31,2025-11-30,quantile,0.5,2.570976494948823,WNV cases
SnJ_N,2025-07-31,2025-11-30,quantile,0.55,3.3615169484512286,WNV cases
SnJ_N,2025-07-31,2025-11-30,quantile,0.6,4.152057401953634,WNV cases
SnJ_N,2025-07-31,2025-11-30,quantile,0.65,4.942597855456038,WNV cases
SnJ_N,2025-07-31,2025-11-30,quantile,0.7,5.733138308958443,WNV cases
SnJ_N,2025-07-31,2025-11-30,quantile,0.75,6.5236787624608485,WNV cases
SnJ_N,2025-07-31,2025-11-30,quantile,0.8,7.314219215963253,WNV cases
SnJ_N,2025-07-31,2025-11-30,quantile,0.85,8.104759669465658,WNV cases
SnJ_N,2025-07-31,2025-11-30,quantile,0.9,9.599509855835976,WNV cases
SnJ_N,2025-07-31,2025-11-30,quantile,0.95,14.982068026698318,WNV cases
SnJ_N,2025-07-31,2025-11-30,quantile,0.99,39.55112713595053,WNV cases
SnJ_S,2025-07-31,2025-11-30,cdf,0,0.3451264519459305,No WNV activity
SnJ_S,2025-07-31,2025-11-30,quantile,0.01,0.0,WNV cases
SnJ_S,2025-07-31,2025-11-30,quantile,0.05,0.0,WNV cases
SnJ_S,2025-07-31,2025-11-30,quantile,0.1,0.0,WNV cases
SnJ_S,2025-07-31,2025-11-30,quantile,0.15,0.0,WNV cases
SnJ_S,2025-07-31,2025-11-30,quantile,0.2,0.0,WNV cases
SnJ_S,2025-07-31,2025-11-30,quantile,0.25,0.0,WNV cases
SnJ_S,2025-07-31,2025-11-30,quantile,0.3,0.0,WNV cases
SnJ_S,2025-07-31,2025-11-30,quantile,0.35,0.07888267637054946,WNV cases
SnJ_S,2025-07-31,2025-11-30,quantile,0.4,0.888176803517605,WNV cases
SnJ_S,2025-07-31,2025-11-30,quantile,0.45,1.6974709306646592,WNV cases
SnJ_S,2025-07-31,2025-11-30,quantile,0.5,2.506765057811715,WNV cases
SnJ_S,2025-07-31,2025-11-30,quantile,0.55,3.316059184958771,WNV cases
SnJ_S,2025-07-31,2025-11-30,quantile,0.6,4.125353312105827,WNV cases
SnJ_S,2025-07-31,2025-11-30,quantile,0.65,4.934647439252881,WNV cases
SnJ_S,2025-07-31,2025-11-30,quantile,0.7,5.743941566399937,WNV cases
SnJ_S,2025-07-31,2025-11-30,quantile,0.75,6.553235693546993,WNV cases
SnJ_S,2025-07-31,2025-11-30,quantile,0.8,7.362529820694047,WNV cases
SnJ_S,2025-07-31,2025-11-30,quantile,0.85,8.171823947841103,WNV cases
SnJ_S,2025-07-31,2025-11-30,quantile,0.9,10.293629697585219,WNV cases
SnJ_S,2025-07-31,2025-11-30,quantile,0.95,15.797984507348586,WNV cases
SnJ_S,2025-07-31,2025-11-30,quantile,0.99,39.93743884111558,WNV cases
Cal_S,2025-07-31,2025-12-31,cdf,0,0.34493726494064564,No WNV activity
Cal_S,2025-07-31,2025-12-31,quantile,0.01,0.0,WNV cases
Cal_S,2025-07-31,2025-12-31,quantile,0.05,0.0,WNV cases
Cal_S,2025-07-31,2025-12-31,quantile,0.1,0.0,WNV cases
Cal_S,2025-07-31,2025-12-31,quantile,0.15,0.0,WNV cases
Cal_S,2025-07-31,2025-12-31,quantile,0.2,0.0,WNV cases
Cal_S,2025-07-31,2025-12-31,quantile,0.25,0.0,WNV cases
Cal_S,2025-07-31,2025-12-31,quantile,0.3,0.0,WNV cases
Cal_S,2025-07-31,2025-12-31,quantile,0.35,0.07163346106070767,WNV cases
Cal_S,2025-07-31,2025-12-31,quantile,0.4,0.779091586173831,WNV cases
Cal_S,2025-07-31,2025-12-31,quantile,0.45,1.4865497112869535,WNV cases
Cal_S,2025-07-31,2025-12-31,quantile,0.5,2.194007836400078,WNV cases
Cal_S,2025-07-31,2025-12-31,quantile,0.55,2.9014659615132015,WNV cases
Cal_S,2025-07-31,2025-12-31,quantile,0.6,3.6089240866263257,WNV cases
Cal_S,2025-07-31,2025-12-31,quantile,0.65,4.316382211739448,WNV cases
Cal_S,2025-07-31,2025-12-31,quantile,0.7,5.0238403368525715,WNV cases
Cal_S,2025-07-31,2025-12-31,quantile,0.75,5.731298461965695,WNV cases
Cal_S,2025-07-31,2025-12-31,quantile,0.8,6.438756587078817,WNV cases
Cal_S,2025-07-31,2025-12-31,quantile,0.85,7.1462147121919415,WNV cases
Cal_S,2025-07-31,2025-12-31,quantile,0.9,7.853672837305065,WNV cases
Cal_S,2025-07-31,2025-12-31,quantile,0.95,10.742077967098293,WNV cases
Cal_S,2025-07-31,2025-12-31,quantile,0.99,31.272204725068228,WNV cases
LAO_G,2025-07-31,2025-12-31,cdf,0,0.27163532507933386,No WNV activity
LAO_G,2025-07-31,2025-12-31,quantile,0.01,0.0,WNV cases
LAO_G,2025-07-31,2025-12-31,quantile,0.05,0.0,WNV cases
LAO_G,2025-07-31,2025-12-31,quantile,0.1,0.0,WNV cases
LAO_G,2025-07-31,2025-12-31,quantile,0.15,0.0,WNV cases
LAO_G,2025-07-31,2025-12-31,quantile,0.2,0.0,WNV cases
LAO_G,2025-07-31,2025-12-31,quantile,0.25,0.0,WNV cases
LAO_G,2025-07-31,2025-12-31,quantile,0.3,0.4657379820538079,WNV cases
LAO_G,2025-07-31,2025-12-31,quantile,0.35,1.286720389496237,WNV cases
LAO_G,2025-07-31,2025-12-31,quantile,0.4,2.107702796938667,WNV cases
LAO_G,2025-07-31,2025-12-31,quantile,0.45,2.928685204381094,WNV cases
LAO_G,2025-07-31,2025-12-31,quantile,0.5,3.7496676118235226,WNV cases
LAO_G,2025-07-31,2025-12-31,quantile,0.55,4.570650019265952,WNV cases
LAO_G,2025-07-31,2025-12-31,quantile,0.6,5.39163242670838,WNV cases
LAO_G,2025-07-31,2025-12-31,quantile,0.65,6.212614834150807,WNV cases
LAO_G,2025-07-31,2025-12-31,quantile,0.7,7.033597241593236,WNV cases
LAO_G,2025-07-31,2025-12-31,quantile,0.75,7.854579649035665,WNV cases
LAO_G,2025-07-31,2025-12-31,quantile,0.8,8.675562056478093,WNV cases
LAO_G,2025-07-31,2025-12-31,quantile,0.85,9.496544463920522,WNV cases
LAO_G,2025-07-31,2025-12-31,quantile,0.9,10.857118148661952,WNV cases
LAO_G,2025-07-31,2025-12-31,quantile,0.95,17.227788840479853,WNV cases
LAO_G,2025-07-31,2025-12-31,quantile,0.99,36.358888764969485,WNV cases
ScV_N,2025-07-31,2025-12-31,cdf,0,0.37846662964666333,No WNV activity
ScV_N,2025-07-31,2025-12-31,quantile,0.01,0.0,WNV cases
ScV_N,2025-07-31,2025-12-31,quantile,0.05,0.0,WNV cases
ScV_N,2025-07-31,2025-12-31,quantile,0.1,0.0,WNV cases
ScV_N,2025-07-31,2025-12-31,quantile,0.15,0.0,WNV cases
ScV_N,2025-07-31,2025-12-31,quantile,0.2,0.0,WNV cases
ScV_N,2025-07-31,2025-12-31,quantile,0.25,0.0,WNV cases
ScV_N,2025-07-31,2025-12-31,quantile,0.3,0.0,WNV cases
ScV_N,2025-07-31,2025-12-31,quantile,0.35,0.0,WNV cases
ScV_N,2025-07-31,2025-12-31,quantile,0.4,0.2746212964902073,WNV cases
ScV_N,2025-07-31,2025-12-31,quantile,0.45,0.9122857493464025,WNV cases
ScV_N,2025-07-31,2025-12-31,quantile,0.5,1.549950202202599,WNV cases
ScV_N,2025-07-31,2025-12-31,quantile,0.55,2.1876146550587956,WNV cases
ScV_N,2025-07-31,2025-12-31,quantile,0.6,2.8252791079149926,WNV cases
ScV_N,2025-07-31,2025-12-31,quantile,0.65,3.4629435607711874,WNV cases
ScV_N,2025-07-31,2025-12-31,quantile,0.7,4.100608013627384,WNV cases
ScV_N,2025-07-31,2025-12-31,quantile,0.75,4.738272466483581,WNV cases
ScV_N,2025-07-31,2025-12-31,quantile,0.8,5.375936919339775,WNV cases
ScV_N,2025-07-31,2025-12-31,quantile,0.85,6.013601372195972,WNV cases
ScV_N,2025-07-31,2025-12-31,quantile,0.9,6.651265825052169,WNV cases
ScV_N,2025-07-31,2025-12-31,quantile,0.95,7.288930277908361,WNV cases
ScV_N,2025-07-31,2025-12-31,quantile,0.99,15.028650082920667,WNV cases
ScV_S,2025-07-31,2025-12-31,cdf,0,0.38270601082460587,No WNV activity
ScV_S,2025-07-31,2025-12-31,quantile,0.01,0.0,WNV cases
ScV_S,2025-07-31,2025-12-31,quantile,0.05,0.0,WNV cases
ScV_S,2025-07-31,2025-12-31,quantile,0.1,0.0,WNV cases
ScV_S,2025-07-31,2025-12-31,quantile,0.15,0.0,WNV cases
ScV_S,2025-07-31,2025-12-31,quantile,0.2,0.0,WNV cases
ScV_S,2025-07-31,2025-12-31,quantile,0.25,0.0,WNV cases
ScV_S,2025-07-31,2025-12-31,quantile,0.3,0.0,WNV cases
ScV_S,2025-07-31,2025-12-31,quantile,0.35,0.0,WNV cases
ScV_S,2025-07-31,2025-12-31,quantile,0.4,0.22228417539138867,WNV cases
ScV_S,2025-07-31,2025-12-31,quantile,0.45,0.864947279713359,WNV cases
ScV_S,2025-07-31,2025-12-31,quantile,0.5,1.507610384035332,WNV cases
ScV_S,2025-07-31,2025-12-31,quantile,0.55,2.1502734883573043,WNV cases
ScV_S,2025-07-31,2025-12-31,quantile,0.6,2.7929365926792764,WNV cases
ScV_S,2025-07-31,2025-12-31,quantile,0.65,3.435599697001247,WNV cases
ScV_S,2025-07-31,2025-12-31,quantile,0.7,4.078262801323219,WNV cases
ScV_S,2025-07-31,2025-12-31,quantile,0.75,4.72092590564519,WNV cases
ScV_S,2025-07-31,2025-12-31,quantile,0.8,5.3635890099671615,WNV cases
ScV_S,2025-07-31,2025-12-31,quantile,0.85,6.006252114289133,WNV cases
ScV_S,2025-07-31,2025-12-31,quantile,0.9,6.648915218611105,WNV cases
ScV_S,2025-07-31,2025-12-31,quantile,0.95,7.2915783229330735,WNV cases
ScV_S,2025-07-31,2025-12-31,quantile,0.99,16.69366049577305,WNV cases
SnJ_N,2025-07-31,2025-12-31,cdf,0,0.38015064922327035,No WNV activity
SnJ_N,2025-07-31,2025-12-31,quantile,0.01,0.0,WNV cases
SnJ_N,2025-07-31,2025-12-31,quantile,0.05,0.0,WNV cases
SnJ_N,2025-07-31,2025-12-31,quantile,0.1,0.0,WNV cases
SnJ_N,2025-07-31,2025-12-31,quantile,0.15,0.0,WNV cases
SnJ_N,2025-07-31,2025-12-31,quantile,0.2,0.0,WNV cases
SnJ_N,2025-07-31,2025-12-31,quantile,0.25,0.0,WNV cases
SnJ_N,2025-07-31,2025-12-31,quantile,0.3,0.0,WNV cases
SnJ_N,2025-07-31,2025-12-31,quantile,0.35,0.0,WNV cases
SnJ_N,2025-07-31,2025-12-31,quantile,0.4,0.2631322942869305,WNV cases
SnJ_N,2025-07-31,2025-12-31,quantile,0.45,0.9259557217297365,WNV cases
SnJ_N,2025-07-31,2025-12-31,quantile,0.5,1.5887791491725445,WNV cases
SnJ_N,2025-07-31,2025-12-31,quantile,0.55,2.2516025766153516,WNV cases
SnJ_N,2025-07-31,2025-12-31,quantile,0.6,2.914426004058159,WNV cases
SnJ_N,2025-07-31,2025-12-31,quantile,0.65,3.5772494315009644,WNV cases
SnJ_N,2025-07-31,2025-12-31,quantile,0.7,4.240072858943772,WNV cases
SnJ_N,2025-07-31,2025-12-31,quantile,0.75,4.902896286386579,WNV cases
SnJ_N,2025-07-31,2025-12-31,quantile,0.8,5.565719713829385,WNV cases
SnJ_N,2025-07-31,2025-12-31,quantile,0.85,6.228543141272192,WNV cases
SnJ_N,2025-07-31,2025-12-31,quantile,0.9,6.891366568714998,WNV cases
SnJ_N,2025-07-31,2025-12-31,quantile,0.95,7.5541899961578025,WNV cases
SnJ_N,2025-07-31,2025-12-31,quantile,0.99,17.364720462953763,WNV cases
SnJ_S,2025-07-31,2025-12-31,cdf,0,0.3814114583459842,No WNV activity
SnJ_S,2025-07-31,2025-12-31,quantile,0.01,0.0,WNV cases
SnJ_S,2025-07-31,2025-12-31,quantile,0.05,0.0,WNV cases
SnJ_S,2025-07-31,2025-12-31,quantile,0.1,0.0,WNV cases
SnJ_S,2025-07-31,2025-12-31,quantile,0.15,0.0,WNV cases
SnJ_S,2025-07-31,2025-12-31,quantile,0.2,0.0,WNV cases
SnJ_S,2025-07-31,2025-12-31,quantile,0.25,0.0,WNV cases
SnJ_S,2025-07-31,2025-12-31,quantile,0.3,0.0,WNV cases
SnJ_S,2025-07-31,2025-12-31,quantile,0.35,0.0,WNV cases
SnJ_S,2025-07-31,2025-12-31,quantile,0.4,0.24355014201162728,WNV cases
SnJ_S,2025-07-31,2025-12-31,quantile,0.45,0.898658397798358,WNV cases
SnJ_S,2025-07-31,2025-12-31,quantile,0.5,1.5537666535850894,WNV cases
SnJ_S,2025-07-31,2025-12-31,quantile,0.55,2.208874909371821,WNV cases
SnJ_S,2025-07-31,2025-12-31,quantile,0.6,2.863983165158553,WNV cases
SnJ_S,2025-07-31,2025-12-31,quantile,0.65,3.519091420945283,WNV cases
SnJ_S,2025-07-31,2025-12-31,quantile,0.7,4.174199676732014,WNV cases
SnJ_S,2025-07-31,2025-12-31,quantile,0.75,4.829307932518747,WNV cases
SnJ_S,2025-07-31,2025-12-31,quantile,0.8,5.484416188305477,WNV cases
SnJ_S,2025-07-31,2025-12-31,quantile,0.85,6.139524444092208,WNV cases
SnJ_S,2025-07-31,2025-12-31,quantile,0.9,6.794632699878941,WNV cases
SnJ_S,2025-07-31,2025-12-31,quantile,0.95,7.449740955665668,WNV cases
SnJ_S,2025-07-31,2025-12-31,quantile,0.99,17.788252075121733,WNV cases
